id,complaint,category,language
ce83b933-1890-4e39-9bd5-31398436b545,Hazaribagh में अवैध अतिक्रमण के कारण सड़क जाम रहती है। Please help.,urban_development,Hindi
54c9584d-e6b8-417d-bd25-1923dc1ec78f,"Gumla में कोल्ड स्टोरेज की सुविधा नहीं চরম है, सब्जियां खराब हो रही हैं। Fix it asap.",agriculture,Hindi
dd4b04fb-5fa6-4e05-b6e4-c4149b9b7007,"Exam paper leak ho gaya hai Ranchi mein, exams cancel hone chahiye. Fix it asap.",education,Hinglish
ff18ed0e-0650-4bbc-bf7f-6dcc127bb0cf,Need better citizen facilitation center in Palamu. Please help.,public_admin,English
79bb723a-dc76-4dc9-9925-811149fe287a,No drinking water supply in Ramgarh for the last 5 days. Koi dhyan de.,water,English
53367799-364a-4ded-927a-c9ae6d9a2599,Crops in Ramgarh are dying due to lack of irrigation canals.,agriculture,English
7e5fba18-afd8-47d4-bffd-a1c58efc0b8c,Ranchi के बस स्टैंड पर विकलांगों के लिए कोई सुविधा नहीं है। Please help.,accessibility,Hindi
b444c924-2a87-4aa4-aa35-5f1a9f89b06b,Air quality index in Giridih is hazardous due to construction dust.,environment,English
d28969f4-1330-4332-adfa-3739435eba90,No drinking water supply in Ramgarh for the last 5 days.,water,English
d53120c5-178c-48f0-b699-409031ea16e5,Gumla ke river mein chemicals dump kiye ja rahe hain. Fix it asap.,environment,Hinglish
c32b2717-1e98-4f8a-bcb7-697660adc118,No drinking water supply in Ranchi for the last 5 days. Urgent issue.,water,English
af4c5b73-634f-44a7-a048-b6dc93a42139,Jamshedpur की पानी की टंकी में गंदगी है और पानी बदबूदार आ रहा है। Urgent issue.,water,Hindi
a71c3eb7-89e0-4403-80ed-058ece671a8e,Hazaribagh में अवैध अतिक्रमण के कारण सड़क जाम रहती है। Urgent issue.,urban_development,Hindi
0a14f3a5-2035-4740-b683-ead085780550,Kisan credit card ka loan maaf nahi hua Bokaro mein. Urgent issue.,agriculture,Hinglish
bc79ecee-d2ba-47de-8da7-f6ea29d3b97a,Need better library facilities in our government college at Dhanbad. Urgent issue.,education,English
93fa5817-4b58-49f9-bff3-80b58526ac90,"Bokaro के पास के जंगल में आग लग गई है, तुरंत बुझाएं। Fix it asap.",environment,Hindi
e4be6074-0cf2-4c71-9ad7-717449129a35,Ranchi में मुर्गी पालन के लिए सब्सिडी का पैसा नहीं आया। Koi dhyan de.,rural_livelihoods,Hindi
ff25ce84-6935-4583-bd78-3c4640fd9355,"Hazaribagh mein drainage system block hai, sadak par pani bhara hai. Fix it asap.",urban_development,Hinglish
c02a8090-ec17-4f4f-94a0-778481d5668b,Palamu mein MNREGA ke tahat 100 din ka kaam nahi mil raha. Koi dhyan de.,rural_livelihoods,Hinglish
e7c3f907-87a1-446c-baeb-94013eadb0ec,Crops in Ranchi are dying due to lack of irrigation canals. Please help.,agriculture,English
8efc649c-5a96-4f6e-8c8a-1d25f0e17ca4,Ranchi mein MNREGA ke tahat 100 din ka kaam nahi mil raha. Kripya dhyan de.,rural_livelihoods,Hinglish
8584b4be-1755-4485-9a6d-f1f9f1a7f81f,Need public toilets in the busy market area of Ranchi. Please help.,urban_development,English
094f9da9-487f-4878-b113-efe12a6d80cf,Ranchi mein forest produce ka sahi daam nahi mil raha adivasiyon ko. Please help.,rural_livelihoods,Hinglish
66f5f05e-60ed-4a7a-a9b9-4d32365d83b4,Grievance cell phone numbers for Palamu municipality are always switched off. Urgent issue.,public_admin,English
741f9bb6-c043-442c-b2da-4de5c822d149,"Exam paper leak ho gaya hai Hazaribagh mein, exams cancel hone chahiye.",education,Hinglish
8eb8e7ac-7865-4198-98bf-62783ad8c872,Low voltage issue in Gumla is damaging water pumps. Fix it asap.,energy,English
7d4cfafb-52f8-4e45-a9b5-8af4ed5afee3,No wheelchair ramp available at the Ranchi railway station. Fix it asap.,accessibility,English
12ea08d6-0413-462f-89e9-8a7b13dcf628,बच्चों को Jamshedpur में मिड-डे मील सही से नहीं मिल रहा है। Please help.,education,Hindi
2eeb0e8c-fb5a-4002-b892-30799ec5417f,Grievance cell phone numbers for Dhanbad municipality are always switched off. Kripya dhyan de.,public_admin,English
be1ed11d-7deb-4926-90e3-590f3ff3cf3c,Public buses in Ramgarh are not accessible for differently-abled citizens. Please help.,accessibility,English
0a672d37-3f02-40f5-a948-2754a5f7ed37,Police verification ke liye Dhanbad thane mein pareshan kiya ja raha hai. Koi dhyan de.,public_admin,Hinglish
fec796d1-75db-46f7-a808-d7c78da428ff,हमारे मोहल्ले Gumla में पानी का प्रेशर बहुत कम है। Fix it asap.,water,Hindi
1c7f6df4-7b7f-4a72-ab1c-02b40a90bfe8,"विद्यालय का भवन बहुत जर्जर हालत में है Deoghar में, कभी भी गिर सकता है। Please help.",education,Hindi
ed05974d-2fa6-4864-a75c-22ca6c757240,Giridih mein forest produce ka sahi daam nahi mil raha adivasiyon ko. Kripya dhyan de.,rural_livelihoods,Hinglish
f4c5a710-b5ce-48ae-8c7d-88a0f131c33d,Ramgarh mein forest produce ka sahi daam nahi mil raha adivasiyon ko. Urgent issue.,rural_livelihoods,Hinglish
74de35d9-ca50-4aaf-8a2c-c5849571f911,"Ramgarh में कोल्ड स्टोरेज की सुविधा नहीं চরম है, सब्जियां खराब हो रही हैं। Please help.",agriculture,Hindi
a76228d9-039d-4250-b6a9-622625247480,Unseasonal rains have destroyed wheat crops in Gumla. Kripya dhyan de.,agriculture,English
8beebf6a-cbdd-46c8-9bb4-c56f09e2abea,Deoghar में राशन कार्ड में नाम जुड़वाने के लिए पैसे मांगे जा रहे हैं।,public_admin,Hindi
f8b48021-c01b-4197-9587-3a2eee55481d,"Ranchi के पास के जंगल में आग लग गई है, तुरंत बुझाएं। Urgent issue.",environment,Hindi
4a873e88-433a-46cc-8864-48516409673d,Dhanbad ke government office mein disabled logo ke liye lift nahi hai.,accessibility,Hinglish
254a6e4b-c3cc-48bb-931f-edd7106c529a,Public buses in Bokaro are not accessible for differently-abled citizens. Fix it asap.,accessibility,English
5aa61ad3-9929-478c-9b9d-7b8542aed79b,Ranchi mein handpump pichle 2 mahine se kharab hai. Fix it asap.,water,Hinglish
a5c6210d-01d4-4f6f-8c3b-2439aeac17bd,Skill development center in Deoghar has been closed down. Kripya dhyan de.,rural_livelihoods,English
f8e6ab24-e945-4522-b532-c33400f95ba6,No wheelchair ramp available at the Ramgarh railway station.,accessibility,English
a90cf821-773a-42d4-ba3e-139ef150a22d,Covid vaccination center Palamu mein band pada hai. Kripya dhyan de.,healthcare,Hinglish
f583ff9f-2c13-4b67-b08a-97a0fa62348e,Bokaro mein MNREGA ke tahat 100 din ka kaam nahi mil raha. Urgent issue.,rural_livelihoods,Hinglish
3c1907da-78e1-4bb2-9859-4e30fd6b72d3,Frequent power cuts in Palamu are affecting student studies. Please help.,energy,English
8c1ddbe0-f86b-4329-8918-dbe80bcbc97a,Teacher vacancy bahut zyada hai Jamshedpur district mein. Fix it asap.,education,Hinglish
1525356b-2ab9-4a15-be05-e22db7d42ced,"Gumla में सीवर लाइन का ढक्कन खुला है, खतरा है। Fix it asap.",urban_development,Hindi
de63f0c0-4cd6-4fa8-adee-e20e92f9f222,गांव Jamshedpur से लोग रोजगार की तलाश में पलायन कर रहे हैं। Urgent issue.,rural_livelihoods,Hindi
c5fa0a18-f5aa-438a-bc6a-f6c0d890b7dd,Hazaribagh ke hospital mein dawaiyan available nahi hain. Kripya dhyan de.,healthcare,Hinglish
82f1c923-9765-4efc-828a-d0cae44d3eb4,गांव Deoghar से लोग रोजगार की तलाश में पलायन कर रहे हैं। Urgent issue.,rural_livelihoods,Hindi
ebf8ead9-c34a-4818-a9f2-72ea74b05b82,Deoghar mein parking ki suvidha nahi hone se traffic jam hota hai.,urban_development,Hinglish
752063d6-24f8-4ea6-91e6-bff86f38f661,Giridih में बिजली का बिल बहुत ज्यादा और गलत आ रहा है। Koi dhyan de.,energy,Hindi
ecd65ebf-14dd-412a-9ada-ae7d74cb0a98,Palamu mein forest produce ka sahi daam nahi mil raha adivasiyon ko. Kripya dhyan de.,rural_livelihoods,Hinglish
4f173e1d-9fac-4b20-a342-d3ac8b24b3e7,पहाड़ों पर Deoghar में अवैध खनन हो रहा है। Fix it asap.,environment,Hindi
cf0adb78-5731-4c4e-bdcb-a5d81bcca286,हमारे मोहल्ले Ramgarh में पानी का प्रेशर बहुत कम है। Urgent issue.,water,Hindi
55b7fe59-a4ee-499a-bac4-06c3f84e9f1d,Public buses in Giridih are not accessible for differently-abled citizens.,accessibility,English
18358aca-c69e-4742-99c2-958c415e5488,Bokaro में मूक-बधिर बच्चों के लिए विशेष स्कूल नहीं है।,accessibility,Hindi
9e88a9ac-36a8-4ae9-adb4-86891eee08ad,Garbage collection truck does not visit Gumla regularly. Urgent issue.,urban_development,English
d8613bfa-2b0e-41a8-8656-4938711f19b1,Jamshedpur ke hospital mein dawaiyan available nahi hain. Please help.,healthcare,Hinglish
fa4d1ba4-2d45-41ca-ae54-48740eafe0a9,Ranchi mein naya borewell khudwane ki jarurat hai. Koi dhyan de.,water,Hinglish
51a60296-916e-4df9-9e72-4caa46b885ea,Crops in Gumla are dying due to lack of irrigation canals. Koi dhyan de.,agriculture,English
e5b6ffac-61d6-40b9-a8b5-574471382939,Dhanbad तहसील कार्यालय में अधिकारी समय पर नहीं आते। Please help.,public_admin,Hindi
e5800f97-ceae-4278-8720-5661b69f291e,Construction of the Gumla flyover has been stalled for 2 years. Kripya dhyan de.,urban_development,English
054a7dd2-1bd0-42f6-ba69-6ab04580c152,Fluoride contamination in Hazaribagh groundwater is causing health issues. Fix it asap.,water,English
b11808ac-4234-4206-b621-5e5976da3a12,गांव Deoghar से लोग रोजगार की तलाश में पलायन कर रहे हैं। Urgent issue.,rural_livelihoods,Hindi
4281cfa6-e777-423e-aa30-01b12397c357,Giridih mein handpump pichle 2 mahine se kharab hai. Urgent issue.,water,Hinglish
3d0e45f6-69eb-4cba-987d-ac4c6480770d,Minimum Support Price is not being offered at the Jamshedpur mandi. Fix it asap.,agriculture,English
f181f25d-ac7e-4cf8-a17f-a5c319d7117d,Construction of the Ranchi flyover has been stalled for 2 years.,urban_development,English
6ee7c88d-14c6-4135-887b-fedbc501a8f7,Need better library facilities in our government college at Giridih. Urgent issue.,education,English
6e009184-871e-4a2f-a96b-888b66441508,"विद्यालय का भवन बहुत जर्जर हालत में है Hazaribagh में, कभी भी गिर सकता है। Kripya dhyan de.",education,Hindi
defbfb49-1579-4954-89da-e70a48da2d2f,Need soil testing lab in Deoghar for better crop yield. Please help.,agriculture,English
6b2ef11a-12f8-43bf-ad64-818757b21b22,Construction of the Bokaro flyover has been stalled for 2 years. Koi dhyan de.,urban_development,English
902f1378-ee88-4fd2-b189-d282c95b898b,Self-help groups in Ranchi are not receiving government funding. Kripya dhyan de.,rural_livelihoods,English
d0713dd0-f38b-4232-a775-6e0eb49686f7,Fasal bima yojana ka paisa Bokaro ke kisano ko nahi mila. Kripya dhyan de.,agriculture,Hinglish
2a18d2b1-8588-4e56-9d48-00f627af0b48,Public buses in Ranchi are not accessible for differently-abled citizens. Urgent issue.,accessibility,English
f2a2e715-0b4d-4a36-8442-a759d813bfee,"Dhanbad में बहुत ज्यादा पेड़ काटे जा रहे हैं, कोई रोक नहीं है। Fix it asap.",environment,Hindi
06a156a0-be02-4bc1-a5ab-f89f51758018,The local pond in Ranchi is completely dried up. Please help.,water,English
975586ce-e703-4886-b63b-692eae47a8e9,Bokaro के अस्पताल में एंबुलेंस की सुविधा नहीं है।,healthcare,Hindi
1f173226-9759-4d4b-8a76-fd0c72cd8fd1,Grievance cell phone numbers for Hazaribagh municipality are always switched off. Please help.,public_admin,English
0e641c0b-0c06-48f8-81d1-05d912d67ce2,Deoghar mein parking ki suvidha nahi hone se traffic jam hota hai. Koi dhyan de.,urban_development,Hinglish
e27768b2-c75b-477f-b16e-7d35f87b86e8,Tractor subsidy ka form reject ho gaya Bokaro office se.,agriculture,Hinglish
1310ad04-b811-40eb-92f9-6fbb75ba4314,Jamshedpur में राशन कार्ड में नाम जुड़वाने के लिए पैसे मांगे जा रहे हैं। Please help.,public_admin,Hindi
9502cdbb-a558-40ed-af8e-570d87e4bf48,Bokaro School mein teacher nahi aate hain pichle ek mahine se.,education,Hinglish
80d6684a-4da0-4898-b2b8-8742ebb5dfd0,Low voltage issue in Palamu is damaging water pumps. Koi dhyan de.,energy,English
649a1cb7-aa9b-4d31-8b15-e5b4db7d7949,"Bokaro में सीवर लाइन का ढक्कन खुला है, खतरा है। Please help.",urban_development,Hindi
a9b22b3e-a234-4f58-a0e6-32de0d104842,हमारे Bokaro के स्कूल में पीने का पानी नहीं है। Koi dhyan de.,education,Hindi
4e6229e0-f98a-421b-aa80-eae8c04c29a7,Teacher vacancy bahut zyada hai Ranchi district mein. Urgent issue.,education,Hinglish
26dd9d36-f6f4-4e3a-91e3-b11b43b34045,Low voltage issue in Ramgarh is damaging water pumps. Fix it asap.,energy,English
2c9cc2d3-b62b-4f56-a303-0ed6e263d0c6,"Deoghar में कोल्ड स्टोरेज की सुविधा नहीं চরম है, सब्जियां खराब हो रही हैं। Urgent issue.",agriculture,Hindi
0121fc04-1ac5-4ce7-9283-ec04eb15febe,Blind tactile paths are broken on Ramgarh footpaths. Koi dhyan de.,accessibility,English
cd6872e4-e976-4c57-ac7e-614714f7f9f1,Divyang pension Giridih mein time par nahi mil rahi hai. Fix it asap.,accessibility,Hinglish
2e6e8e48-0c57-4e8e-b637-c4219359a40e,Illegal sand mining is destroying the riverbed in Giridih. Please help.,environment,English
3ed20ff4-0422-4aba-85f7-3dd122a2b595,Deoghar ke river mein chemicals dump kiye ja rahe hain. Fix it asap.,environment,Hinglish
ccc1d128-cc7b-4f11-b653-b3ea762edf52,"Dhanbad में कोल्ड स्टोरेज की सुविधा नहीं চরম है, सब्जियां खराब हो रही हैं। Urgent issue.",agriculture,Hindi
a05fa61c-763f-4d5e-b322-dfd1ab6a1170,Deoghar park mein jhule tute hue hain aur kachra hai. Urgent issue.,urban_development,Hinglish
f8d3190d-4f88-4f51-952b-763a0a99ff94,Bokaro में अवैध अतिक्रमण के कारण सड़क जाम रहती है। Fix it asap.,urban_development,Hindi
53c369c2-1e03-4f93-8c7c-4e8a6c085148,Palamu mein handpump pichle 2 mahine se kharab hai. Urgent issue.,water,Hinglish
4272e293-ff8b-44fc-b70f-93e873f7566d,Hazaribagh ke gaon mein artisans ko unka saman bechne ka market nahi hai. Urgent issue.,rural_livelihoods,Hinglish
a1c967d8-8175-401b-8fbd-e222ce9317b1,Online portal for Ramgarh property tax is continuously crashing. Please help.,public_admin,English
4bfc73f6-997a-4f30-bc84-f1778ec9afc8,Jamshedpur ke government office mein disabled logo ke liye lift nahi hai. Koi dhyan de.,accessibility,Hinglish
54fecfa5-231b-4311-9ea2-6501141eb399,Ayushman card Palamu ke private hospital mein accept nahi kar rahe. Kripya dhyan de.,healthcare,Hinglish
a6b117fb-9e16-4030-a386-d73041a6ca9c,Illegal sand mining is destroying the riverbed in Deoghar. Kripya dhyan de.,environment,English
a8785ed9-f1f5-4bf2-a9fb-3284448a4048,Garbage collection truck does not visit Deoghar regularly. Koi dhyan de.,urban_development,English
e3564a9c-8826-48c0-a51b-9f1bc50a45f1,Fluoride contamination in Gumla groundwater is causing health issues. Fix it asap.,water,English
1bf00d32-01e5-48cc-bcf5-6870fa9ca15b,Lack of computer labs in the Hazaribagh high school is affecting students.,education,English
a6e951c5-d80c-4ff4-9e2a-5e3545ca5771,विकलांग प्रमाण पत्र बनवाने में Ranchi में बहुत दिक्कत आ रही है। Kripya dhyan de.,accessibility,Hindi
f6be87ad-9aae-418b-8a24-f04cafbedb16,Kisan credit card ka loan maaf nahi hua Ramgarh mein. Urgent issue.,agriculture,Hinglish
9581ee44-41d0-46a0-a6f3-3b80d6a7e710,Deoghar School mein teacher nahi aate hain pichle ek mahine se. Urgent issue.,education,Hinglish
900f942c-1585-4dc6-82bd-4dadba14cd41,Ranchi ke hospital mein dawaiyan available nahi hain.,healthcare,Hinglish
b560c437-ea87-419c-9816-f260d60af04c,Gumla mein transformer jal gaya hai 3 din pehle. Fix it asap.,energy,Hinglish
6416941c-2f46-4631-a889-134b602156e0,"Bokaro में सीवर लाइन का ढक्कन खुला है, खतरा है।",urban_development,Hindi
6d8e29d7-c05f-43b5-83e6-5eaf61089669,Hazaribagh में कुटीर उद्योग लगाने के लिए कोई सरकारी सहायता नहीं मिल रही है। Please help.,rural_livelihoods,Hindi
d00403cf-8bee-4f01-87b6-fec4b035571e,Teacher vacancy bahut zyada hai Palamu district mein.,education,Hinglish
27beee3d-9d3f-4080-a217-04913591b194,स्मार्ट सिटी प्रोजेक्ट के तहत Deoghar में कोई काम नहीं हुआ। Kripya dhyan de.,urban_development,Hindi
8948364a-aead-49cd-8c99-1d86075067ca,Jamshedpur mein naya borewell khudwane ki jarurat hai. Please help.,water,Hinglish
9681bd1a-9eeb-46c1-a784-87077cf03601,बच्चों को Ranchi में मिड-डे मील सही से नहीं मिल रहा है।,education,Hindi
f3f60fc0-68e4-4110-870a-2cd6ea73f60c,Online portal for Dhanbad property tax is continuously crashing. Fix it asap.,public_admin,English
911ed21e-260c-4adf-9b08-d4c5cbd90d87,हमारे Giridih के स्कूल में पीने का पानी नहीं है। Urgent issue.,education,Hindi
11544b0e-0228-469b-85ce-3b8618e574b0,Ayushman card Ramgarh ke private hospital mein accept nahi kar rahe. Please help.,healthcare,Hinglish
a28fe6dc-1ce9-4659-9a37-86c9e9be98ab,Bokaro में जल जीवन मिशन का काम अधूरा पड़ा है।,water,Hindi
e8436fba-023a-4a14-8a1f-7045632599d0,Need better library facilities in our government college at Ranchi. Urgent issue.,education,English
582054b8-e68b-4187-b172-2151061af14a,No ultrasound machine available in the Jamshedpur district hospital. Please help.,healthcare,English
17fc6c67-3450-4fba-9ec8-2804d1ed1e06,No scholarships have been disbursed in Ranchi this year. Fix it asap.,education,English
5b2fd7a8-8013-49f1-a6d5-cb8f3c43e6c4,Fluoride contamination in Ranchi groundwater is causing health issues.,water,English
4225c62f-1db8-4e4f-b7a0-0083c4223f86,"विद्यालय का भवन बहुत जर्जर हालत में है Giridih में, कभी भी गिर सकता है। Fix it asap.",education,Hindi
cd98a11f-079c-45bb-8444-f60b4b7b6ec2,Women weavers in Dhanbad need micro-loans for purchasing looms. Kripya dhyan de.,rural_livelihoods,English
b890ec14-c2a6-4607-bbee-ac39319f0d99,"Dhanbad mein drainage system block hai, sadak par pani bhara hai.",urban_development,Hinglish
6df5595e-2c8d-4eb2-8331-ef1ab1c4c9e1,Ayushman card Deoghar ke private hospital mein accept nahi kar rahe. Please help.,healthcare,Hinglish
4f13d8a5-ab3b-4d55-ba81-c9f1ad7c2bbe,Women weavers in Bokaro need micro-loans for purchasing looms. Please help.,rural_livelihoods,English
6cce42bb-604a-45cb-887e-13593984bb5b,Police verification ke liye Dhanbad thane mein pareshan kiya ja raha hai. Koi dhyan de.,public_admin,Hinglish
b9812810-8635-41b2-a184-c51a0e12f4af,Need better citizen facilitation center in Gumla. Please help.,public_admin,English
6ab897c4-a899-495b-992b-d6256204f78e,The primary health center in Bokaro has no doctors on night duty. Please help.,healthcare,English
48649bd1-574c-4b4e-9562-a8607004662d,Bribery is rampant in the Ramgarh RTO office for driving licenses. Koi dhyan de.,public_admin,English
a227bf7b-c860-43b1-98fc-2e4f988e4c50,स्मार्ट सिटी प्रोजेक्ट के तहत Giridih में कोई काम नहीं हुआ। Urgent issue.,urban_development,Hindi
010ef24b-f2e6-4f66-a917-d43e3299c69b,Illegal sand mining is destroying the riverbed in Giridih. Kripya dhyan de.,environment,English
b3fa5791-7c73-410f-b725-77921b6ffee5,Divyang pension Gumla mein time par nahi mil rahi hai. Fix it asap.,accessibility,Hinglish
1dce508f-d86b-481b-9626-10fb003ae28b,"Deoghar mein drainage system block hai, sadak par pani bhara hai. Urgent issue.",urban_development,Hinglish
0c5ebf93-c49d-480f-b59e-a08cd35bdf0b,"Hazaribagh mein drainage system block hai, sadak par pani bhara hai. Please help.",urban_development,Hinglish
eeff49f2-3cda-415d-b4d8-bb8d68e982b8,Need proper waste segregation systems in Ranchi. Fix it asap.,environment,English
e64a7b2b-e95a-4613-a4cc-77b65be1d00c,The main road in Gumla is full of potholes causing accidents. Kripya dhyan de.,urban_development,English
3b8efddb-d5d6-4c89-b28c-ecdd52ebd36d,Palamu mein forest produce ka sahi daam nahi mil raha adivasiyon ko. Fix it asap.,rural_livelihoods,Hinglish
95d4b0a5-6b4a-4fe1-95be-b4854e670273,Blind tactile paths are broken on Dhanbad footpaths. Fix it asap.,accessibility,English
8a3e0f06-2cbc-427a-bfa4-815b547986e1,Plastic kachra Jamshedpur ke park mein jala rahe hain. Urgent issue.,environment,Hinglish
8e35303d-a474-4ce3-b6a1-805efe66f105,The local pond in Ranchi is completely dried up. Koi dhyan de.,water,English
e2eb8b10-ec80-4268-bd9a-04456f38734d,Tractor subsidy ka form reject ho gaya Dhanbad office se. Kripya dhyan de.,agriculture,Hinglish
c238fe61-6d65-49ac-8df4-1450ee53e1f3,Online portal for Jamshedpur property tax is continuously crashing. Please help.,public_admin,English
60e25990-b829-4d3b-af84-384c253e034c,Deoghar में मूक-बधिर बच्चों के लिए विशेष स्कूल नहीं है।,accessibility,Hindi
98c3c3f8-979c-4de3-98c7-94c1a4849811,Women weavers in Gumla need micro-loans for purchasing looms.,rural_livelihoods,English
7969379f-5089-4a4f-ad4f-6d186bc10604,Giridih mein handpump pichle 2 mahine se kharab hai. Kripya dhyan de.,water,Hinglish
24e379b8-7b17-425c-9311-89131a08b983,Unseasonal rains have destroyed wheat crops in Giridih. Fix it asap.,agriculture,English
05208f91-b0f2-483e-8924-b88eb4294b4e,Deoghar ke hospital mein dawaiyan available nahi hain. Fix it asap.,healthcare,Hinglish
a54e835d-f2d7-45c0-abed-5f7ca034a3b4,Air quality index in Giridih is hazardous due to construction dust. Please help.,environment,English
3cf37e47-c240-496b-a451-8718e7efd31f,Ramgarh में अवैध अतिक्रमण के कारण सड़क जाम रहती है। Urgent issue.,urban_development,Hindi
6c8a6f8a-9beb-4683-9ff2-9114909d409f,Need immediate dengue fogging in Palamu as cases are rising. Fix it asap.,healthcare,English
896bb56b-8503-4e56-a857-792cd8bc12bc,Deoghar की पानी की टंकी में गंदगी है और पानी बदबूदार आ रहा है।,water,Hindi
9f00869b-ef31-440c-932d-42c8073f8895,Maternity ward in Dhanbad is in unhygienic conditions.,healthcare,English
bae7227c-5375-4877-8d3a-8159889d5254,"Palamu mein naya meter connection apply kiya tha, abhi tak nahi laga. Please help.",energy,Hinglish
2eaa7d2c-9bbe-4085-b069-878bd97f9ed2,Bokaro mein MNREGA ke tahat 100 din ka kaam nahi mil raha. Fix it asap.,rural_livelihoods,Hinglish
f309a855-f8d1-457e-9c08-3738c1fe0e31,Need soil testing lab in Giridih for better crop yield. Urgent issue.,agriculture,English
a70c4c7d-d267-4eec-947f-bcce9579cea9,Maternity ward in Giridih is in unhygienic conditions. Urgent issue.,healthcare,English
ff45c3c0-a648-47cc-abd4-d2db835520b0,Gumla block office mein caste certificate banane mein bahut time lag raha hai. Fix it asap.,public_admin,Hinglish
7a1dbe50-4fe9-4323-a3c6-fad201380824,Fasal bima yojana ka paisa Dhanbad ke kisano ko nahi mila. Fix it asap.,agriculture,Hinglish
b29cc413-c8c3-4f34-a757-a07b41251e16,Air quality index in Dhanbad is hazardous due to construction dust. Kripya dhyan de.,environment,English
32b4aa1f-301b-46a3-b062-d0a0e26f0835,Fasal bima yojana ka paisa Dhanbad ke kisano ko nahi mila. Kripya dhyan de.,agriculture,Hinglish
c040b6b2-c67d-47d9-905d-5f2ead06cafa,Illegal sand mining is destroying the riverbed in Deoghar. Fix it asap.,environment,English
5ee303b5-c9ec-4d4f-a88f-eaee3d7ff232,Need modern dairy farming training programs in Bokaro. Kripya dhyan de.,rural_livelihoods,English
d792a66c-4914-441f-8b8b-69796b49af0e,Dhanbad mein MNREGA ke tahat 100 din ka kaam nahi mil raha. Fix it asap.,rural_livelihoods,Hinglish
478d7511-7721-4a61-9051-cb3ed1e3f2db,Dhanbad में जल जीवन मिशन का काम अधूरा पड़ा है।,water,Hindi
e2900da2-fbad-4626-92b7-0f558dafee5b,Crops in Jamshedpur are dying due to lack of irrigation canals. Fix it asap.,agriculture,English
fc200fd6-753a-4580-ab05-ab47b34dbace,Ranchi mein handpump pichle 2 mahine se kharab hai. Please help.,water,Hinglish
58ad80ed-1822-4557-a009-bad4ab097d05,"Exam paper leak ho gaya hai Deoghar mein, exams cancel hone chahiye. Kripya dhyan de.",education,Hinglish
6acfd17c-a4e4-4043-93f1-c94d1420272a,"Ranchi में खाद और बीज की बहुत कमी है, खेती कैसे करें? Please help.",agriculture,Hindi
f6fc0e00-b9fc-4e68-abdd-71f158f641c5,Online portal for Hazaribagh property tax is continuously crashing. Kripya dhyan de.,public_admin,English
c40dbe2e-a341-4e7e-9906-ff24df6905cf,पहाड़ों पर Palamu में अवैध खनन हो रहा है। Koi dhyan de.,environment,Hindi
216f7f51-51e3-4a3e-b61b-2b15dd97c1c4,Construction of the Deoghar flyover has been stalled for 2 years. Fix it asap.,urban_development,English
5bcd30a8-a985-4a98-97e7-e94f3e60e917,The local pond in Deoghar is completely dried up. Fix it asap.,water,English
ad91c326-e0b5-42f3-89ac-d304f409d9fd,"Jamshedpur के पास के जंगल में आग लग गई है, तुरंत बुझाएं। Fix it asap.",environment,Hindi
94bd3c1f-62c9-4489-85af-e9becbc40a4e,"Bokaro में खाद और बीज की बहुत कमी है, खेती कैसे करें? Kripya dhyan de.",agriculture,Hindi
9bbf0583-64f1-44cd-a35a-557a58db78ca,Giridih में बिजली का बिल बहुत ज्यादा और गलत आ रहा है। Kripya dhyan de.,energy,Hindi
ea2407da-0ea1-42d3-b533-2d13aef15efa,"Pipeline is leaking near the main road in Bokaro, wasting water. Fix it asap.",water,English
ad7bc3db-c890-49b4-ab8b-6f5bbf0da486,Bokaro ke river mein chemicals dump kiye ja rahe hain. Koi dhyan de.,environment,Hinglish
789d7091-d39b-409c-8c94-9174c1641be4,Maternity ward in Deoghar is in unhygienic conditions.,healthcare,English
ac5829b5-f158-4988-96e1-89702d346eaa,Giridih में मूक-बधिर बच्चों के लिए विशेष स्कूल नहीं है। Koi dhyan de.,accessibility,Hindi
71c90a3c-f6e7-4fd8-87c9-c95074de8361,Bribery is rampant in the Dhanbad RTO office for driving licenses. Please help.,public_admin,English
93df74f4-31b0-4be0-abd9-dda7acff4cf4,Giridih के बस स्टैंड पर विकलांगों के लिए कोई सुविधा नहीं है। Kripya dhyan de.,accessibility,Hindi
c432e97f-f35d-40c6-a5f6-99d19bd7b789,"Jamshedpur में बहुत ज्यादा पेड़ काटे जा रहे हैं, कोई रोक नहीं है।",environment,Hindi
ac8fa766-b473-4c5a-847e-572062987771,The primary health center in Ramgarh has no doctors on night duty. Please help.,healthcare,English
086a0526-e924-4486-8807-c5380e335fad,"Bokaro में मलेरिया तेजी से फैल रहा है, कोई रोकथाम नहीं है। Koi dhyan de.",healthcare,Hindi
ebebaa1f-f7e2-4b3f-92c7-27f61ff94ef6,Fluoride contamination in Hazaribagh groundwater is causing health issues. Urgent issue.,water,English
60f8955d-90b6-4dd6-b5c3-33b46b6ed351,Lack of computer labs in the Ramgarh high school is affecting students. Please help.,education,English
0c0baf88-d39f-48a5-81b8-bff9e276cdb7,Jamshedpur park mein jhule tute hue hain aur kachra hai.,urban_development,Hinglish
dc7bde54-cd59-40cb-a2fb-01f8b36bbb45,Giridih mein forest produce ka sahi daam nahi mil raha adivasiyon ko. Urgent issue.,rural_livelihoods,Hinglish
6ffe99c6-a4e4-4d2f-a43c-429ce6b3a2f9,Need better citizen facilitation center in Jamshedpur. Kripya dhyan de.,public_admin,English
70175996-da8c-47de-a9dc-37e8c496b29a,Hazaribagh में मुर्गी पालन के लिए सब्सिडी का पैसा नहीं आया। Please help.,rural_livelihoods,Hindi
e6b984ff-5e1c-4e47-a73d-e6500fe6c5b7,Palamu में जल जीवन मिशन का काम अधूरा पड़ा है।,water,Hindi
5d9ee60d-8b31-48d2-8491-4640b7d91479,"विद्यालय का भवन बहुत जर्जर हालत में है Ramgarh में, कभी भी गिर सकता है। Fix it asap.",education,Hindi
f634807b-067a-4994-b327-ba5765f470b0,Divyang pension Jamshedpur mein time par nahi mil rahi hai. Fix it asap.,accessibility,Hinglish
13c2bb33-d3a7-4d68-9b41-cd0f6eb31e78,Ramgarh में राशन कार्ड में नाम जुड़वाने के लिए पैसे मांगे जा रहे हैं। Kripya dhyan de.,public_admin,Hindi
20cd640a-2f81-4ced-8188-5661e5f11c50,"Giridih mein naya meter connection apply kiya tha, abhi tak nahi laga. Koi dhyan de.",energy,Hinglish
6cafd77f-d4d4-4dd9-b954-99f25568ee19,Ramgarh School mein teacher nahi aate hain pichle ek mahine se. Fix it asap.,education,Hinglish
0523fb53-6e3f-4cc8-a86a-684c597562c9,हमारे मोहल्ले Ranchi में पानी का प्रेशर बहुत कम है।,water,Hindi
220efe7a-7b25-4a3e-8548-c9970764bd11,Gumla ke government office mein disabled logo ke liye lift nahi hai. Kripya dhyan de.,accessibility,Hinglish
a2a27b75-ae6e-467c-ad98-8b9a1fd9af7f,Need immediate dengue fogging in Gumla as cases are rising. Koi dhyan de.,healthcare,English
477e5cb5-cf54-47df-ab3d-8a0cbeb5c3ad,Need better citizen facilitation center in Deoghar. Please help.,public_admin,English
45a89e24-bd65-4a4b-aed7-c1de7d64d43f,"Ranchi में बहुत ज्यादा पेड़ काटे जा रहे हैं, कोई रोक नहीं है। Kripya dhyan de.",environment,Hindi
9014674d-4bab-4e45-a54c-4ff4f4401bd0,"Dhanbad mein drainage system block hai, sadak par pani bhara hai. Please help.",urban_development,Hinglish
f6223e99-70be-4e72-bf52-f97db387695f,Plastic kachra Bokaro ke park mein jala rahe hain. Koi dhyan de.,environment,Hinglish
9abe76b8-005e-470b-8d0b-5042ac9ce6a9,सरकारी अस्पताल Hazaribagh में डॉक्टर पैसे मांग रहे हैं। Fix it asap.,healthcare,Hindi
b21be444-b696-4fae-896c-696769bc406d,Fasal bima yojana ka paisa Hazaribagh ke kisano ko nahi mila. Fix it asap.,agriculture,Hinglish
2ee5fd34-0026-4d86-a2e2-fd61ed20e8f7,Bokaro ke gaon mein artisans ko unka saman bechne ka market nahi hai. Kripya dhyan de.,rural_livelihoods,Hinglish
db4f1bbb-13b0-4c4e-947a-2bbdb35665fb,Lack of computer labs in the Palamu high school is affecting students. Please help.,education,English
3194cf63-a79c-4551-b7c9-00ff1bb3beab,Illegal sand mining is destroying the riverbed in Ranchi.,environment,English
e204ef9d-7b3c-458f-a6d1-b5debb15331b,"Palamu में मलेरिया तेजी से फैल रहा है, कोई रोकथाम नहीं है। Kripya dhyan de.",healthcare,Hindi
e088fa82-5056-4585-9c6c-306e85c6ba9d,"Pipeline is leaking near the main road in Ramgarh, wasting water. Urgent issue.",water,English
62b4f9d3-6599-4a95-911d-0fb97e17d5af,हमारे गांव Deoghar में अभी तक बिजली के खंभे नहीं लगे हैं। Urgent issue.,energy,Hindi
cbef9290-cee7-4d13-aeae-8a82a3a163fd,No wheelchair ramp available at the Gumla railway station.,accessibility,English
24e38c51-6b99-486b-a563-cc2ec5c4b1fc,No scholarships have been disbursed in Giridih this year.,education,English
ba4e2a15-db40-4bc7-88a2-62549678016b,Bribery is rampant in the Ranchi RTO office for driving licenses. Fix it asap.,public_admin,English
0e1bcb17-a3d8-4cf6-a648-fd14cc971391,Low voltage issue in Hazaribagh is damaging water pumps. Urgent issue.,energy,English
f9c23f7d-4c59-433e-8aba-09d17cb879b4,गांव Deoghar से लोग रोजगार की तलाश में पलायन कर रहे हैं। Please help.,rural_livelihoods,Hindi
e74a0ccc-4381-4587-9403-b60c5b78ad3a,Maternity ward in Giridih is in unhygienic conditions. Koi dhyan de.,healthcare,English
f797f24c-045c-4b26-9bea-1d14ebc0e5e1,Ranchi में बिजली का बिल बहुत ज्यादा और गलत आ रहा है। Fix it asap.,energy,Hindi
ce7e1b4a-2b26-4719-ac7f-ad1283ac5db7,Need modern dairy farming training programs in Dhanbad. Kripya dhyan de.,rural_livelihoods,English
641ea96a-3cc3-45bd-af8f-dd6b28ce4de5,High voltage ke karan Jamshedpur mein logo ke TV jal gaye.,energy,Hinglish
fa43c2d8-7320-4af5-92a5-21c48ffb0a87,The local primary school in Hazaribagh has no roof and leaks during rain. Kripya dhyan de.,education,English
a56a1443-8148-4f04-8cb5-3f6e3bfc006a,स्मार्ट सिटी प्रोजेक्ट के तहत Ranchi में कोई काम नहीं हुआ। Koi dhyan de.,urban_development,Hindi
5f27d529-2608-433f-9929-909bc73d1689,हमारे गांव Deoghar में अभी तक बिजली के खंभे नहीं लगे हैं। Urgent issue.,energy,Hindi
66c8e6e7-af0d-45ef-930a-7bf605d6aee0,Unseasonal rains have destroyed wheat crops in Bokaro. Fix it asap.,agriculture,English
533c31bf-857b-4978-94a8-55711afb1223,Ayushman card Hazaribagh ke private hospital mein accept nahi kar rahe. Kripya dhyan de.,healthcare,Hinglish
4b7585b5-f814-47b5-9448-3e3f0d29c74d,हमारे गांव Deoghar में अभी तक बिजली के खंभे नहीं लगे हैं।,energy,Hindi
4b91423d-8858-41b6-bff2-0846f09c8380,Bribery is rampant in the Palamu RTO office for driving licenses.,public_admin,English
bd7dede5-8501-44e4-b032-8207549eb371,Street lights in Bokaro sector 4 are not working. Kripya dhyan de.,energy,English
1157471f-8b24-4075-843b-66fedc80bb89,No drinking water supply in Dhanbad for the last 5 days.,water,English
60414430-2f66-4422-a963-d21f8f4de31d,हमारे मोहल्ले Bokaro में पानी का प्रेशर बहुत कम है। Please help.,water,Hindi
f9a12b08-f7f2-46bf-88cf-577f42e78320,Ranchi panchayat mein MNREGA ka payment ruka hua hai. Koi dhyan de.,public_admin,Hinglish
8d4c6f38-8d27-4c1e-8999-dcc2e54c742c,Jamshedpur mein parking ki suvidha nahi hone se traffic jam hota hai.,urban_development,Hinglish
9d3b1e61-d861-4157-aefd-669d365649b4,Kisan credit card ka loan maaf nahi hua Jamshedpur mein. Urgent issue.,agriculture,Hinglish
fcaccaa5-2572-45ff-8249-dc5742568488,Deoghar के अस्पताल में एंबुलेंस की सुविधा नहीं है। Urgent issue.,healthcare,Hindi
ce5a681e-102b-4c2f-acd8-f82424ebc099,Need better citizen facilitation center in Gumla. Koi dhyan de.,public_admin,English
abba519a-54fb-4915-8010-658643db8d93,Bokaro के बस स्टैंड पर विकलांगों के लिए कोई सुविधा नहीं है। Koi dhyan de.,accessibility,Hindi
1ae69386-2c27-4eaa-a114-c44dad126f23,बिजली विभाग वाले Jamshedpur में लाइन ठीक करने नहीं आ रहे। Please help.,energy,Hindi
965ac167-7e2f-49dd-a6c3-21de2df0b519,Dhanbad में राशन कार्ड में नाम जुड़वाने के लिए पैसे मांगे जा रहे हैं। Kripya dhyan de.,public_admin,Hindi
bc5bd449-6d58-4cc8-96d0-1f085dc32166,Deoghar panchayat mein MNREGA ka payment ruka hua hai. Fix it asap.,public_admin,Hinglish
553cbe3c-ae1c-417d-9a97-4465f9124d69,हमारे Jamshedpur के स्कूल में पीने का पानी नहीं है। Koi dhyan de.,education,Hindi
6b9c2cec-032a-4f13-8f62-b6e0cbb0e1fa,Palamu में मुर्गी पालन के लिए सब्सिडी का पैसा नहीं आया। Fix it asap.,rural_livelihoods,Hindi
50441923-be32-40dd-8bec-13874c49138f,Bokaro hospital mein wheelchair available nahi hai. Urgent issue.,accessibility,Hinglish
0ea24bee-022e-4b0d-bd49-862b9c8f0d5d,Divyang pension Jamshedpur mein time par nahi mil rahi hai. Koi dhyan de.,accessibility,Hinglish
821718cf-ad21-47a3-9922-83ea9644a095,Need better library facilities in our government college at Gumla. Koi dhyan de.,education,English
e0f8b86d-66e4-4502-8c4e-f16a54b73d2c,बच्चों को Giridih में मिड-डे मील सही से नहीं मिल रहा है। Urgent issue.,education,Hindi
d4e50a31-31ea-4152-9e4d-1bc51a21ae15,Water tanker Gumla mein nahi aa raha hai. Koi dhyan de.,water,Hinglish
21042bca-2469-46ab-9345-09bc7df99311,Tractor subsidy ka form reject ho gaya Ranchi office se. Fix it asap.,agriculture,Hinglish
9c0b9284-d96c-4304-b4c7-1e46f7e588da,Bokaro के बस स्टैंड पर विकलांगों के लिए कोई सुविधा नहीं है। Urgent issue.,accessibility,Hindi
876ed393-b4fa-4b90-bc76-b93c69e0753e,Palamu mein forest produce ka sahi daam nahi mil raha adivasiyon ko. Kripya dhyan de.,rural_livelihoods,Hinglish
dc491011-828c-4cf5-ace4-daa11c083323,Ramgarh में कुटीर उद्योग लगाने के लिए कोई सरकारी सहायता नहीं मिल रही है। Kripya dhyan de.,rural_livelihoods,Hindi
0055e1d4-f518-4813-97e2-996763cab0ed,Maternity ward in Bokaro is in unhygienic conditions. Kripya dhyan de.,healthcare,English
d2c8513a-2e61-4714-82d1-0814f6975647,Water tanker Ramgarh mein nahi aa raha hai. Koi dhyan de.,water,Hinglish
023d8e7c-b38c-4262-af02-a85e81d872d6,Fluoride contamination in Bokaro groundwater is causing health issues. Kripya dhyan de.,water,English
97a2905e-20ce-449f-ae0c-35b2785b8d3b,No drinking water supply in Palamu for the last 5 days. Kripya dhyan de.,water,English
5baf7fc5-def4-47c4-8054-5f4ae6025ae6,बिजली विभाग वाले Jamshedpur में लाइन ठीक करने नहीं आ रहे।,energy,Hindi
4678fd26-09d4-40f9-8f79-2010d8dbe4e9,सरकारी अस्पताल Hazaribagh में डॉक्टर पैसे मांग रहे हैं। Fix it asap.,healthcare,Hindi
68e5a09e-a515-4803-a6d4-aea6c4994256,"Deoghar के पास के जंगल में आग लग गई है, तुरंत बुझाएं। Please help.",environment,Hindi
c0d6548b-648a-4bae-beaf-0a9269d2c65d,Giridih block office mein caste certificate banane mein bahut time lag raha hai. Koi dhyan de.,public_admin,Hinglish
00f875b0-babd-40e9-af9a-2890e1360d7c,Need soil testing lab in Dhanbad for better crop yield. Koi dhyan de.,agriculture,English
6f59038f-87cf-4c6d-9f8d-efd06030684f,"Exam paper leak ho gaya hai Dhanbad mein, exams cancel hone chahiye.",education,Hinglish
7d78d41f-6dd0-412d-b358-36487b4ecd54,Ramgarh में जल जीवन मिशन का काम अधूरा पड़ा है।,water,Hindi
51884384-f323-46d6-b4dd-5e9d89ff9d65,Giridih में जल जीवन मिशन का काम अधूरा पड़ा है। Please help.,water,Hindi
8d0d322a-ef80-44f3-b0a5-b6d97db1416e,The main road in Deoghar is full of potholes causing accidents. Koi dhyan de.,urban_development,English
73ddd9d0-8571-4c90-898f-efc38383af8e,Bokaro park mein jhule tute hue hain aur kachra hai. Fix it asap.,urban_development,Hinglish
f736247c-92b5-492c-a26f-f7aed3adcc71,Bokaro के अस्पताल में एंबुलेंस की सुविधा नहीं है। Kripya dhyan de.,healthcare,Hindi
8de2f40a-1597-4efc-851c-3c20ddc1b8a2,Palamu में मूक-बधिर बच्चों के लिए विशेष स्कूल नहीं है। Fix it asap.,accessibility,Hindi
24192fad-d6d4-4632-9f01-92e71a5c0bd1,Lack of computer labs in the Giridih high school is affecting students. Kripya dhyan de.,education,English
b2ef0d1f-2bbb-4dff-af5e-07bf02a93946,Ramgarh mein sound pollution limit se cross ho gaya hai. Urgent issue.,environment,Hinglish
d64fcfc3-55cd-42ae-bb9d-8831dd27b557,Need immediate dengue fogging in Ranchi as cases are rising. Koi dhyan de.,healthcare,English
8e78014c-2dc8-4c4d-816c-f04e432ff4ab,Covid vaccination center Deoghar mein band pada hai. Kripya dhyan de.,healthcare,Hinglish
b70719cf-9763-4b1a-9d0c-7cceacdc3882,Kisan credit card ka loan maaf nahi hua Ranchi mein. Koi dhyan de.,agriculture,Hinglish
027b5964-e9fe-4b5a-8ba7-60637d858019,Deoghar में मुर्गी पालन के लिए सब्सिडी का पैसा नहीं आया।,rural_livelihoods,Hindi
03881345-1d68-4433-90e8-e7e8acffaf96,Jamshedpur mein sound pollution limit se cross ho gaya hai. Please help.,environment,Hinglish
2bdff470-847e-414c-8c41-b10a3f75f83c,Need soil testing lab in Dhanbad for better crop yield.,agriculture,English
e0261f32-3941-446c-8579-7bcd4cfba008,Giridih की पानी की टंकी में गंदगी है और पानी बदबूदार आ रहा है। Koi dhyan de.,water,Hindi
b17b8b61-7547-4868-b7b2-c40cb9762203,Hazaribagh panchayat mein MNREGA ka payment ruka hua hai. Kripya dhyan de.,public_admin,Hinglish
589fcd92-2a36-4b2d-8b9e-9d8903a38819,Giridih ke hospital mein dawaiyan available nahi hain. Please help.,healthcare,Hinglish
fb968922-54a2-4a18-b027-ecbf8e586ba5,Lack of computer labs in the Gumla high school is affecting students.,education,English
cb0e4fe8-00d0-40f3-a024-0ea4881f0f09,Ranchi mein handpump pichle 2 mahine se kharab hai. Urgent issue.,water,Hinglish
06aaa488-3d18-4345-bbd5-516c0c91ba56,Need audio signals at Gumla traffic lights for visually impaired. Koi dhyan de.,accessibility,English
76f86014-ab21-4955-8274-ad5314f555da,Ranchi ke gaon mein artisans ko unka saman bechne ka market nahi hai. Kripya dhyan de.,rural_livelihoods,Hinglish
b34725e0-3301-41c2-8b41-448db4e85ddd,Jamshedpur mein MNREGA ke tahat 100 din ka kaam nahi mil raha. Fix it asap.,rural_livelihoods,Hinglish
949483ac-3311-462e-aa2c-bb425da0023b,Plastic kachra Bokaro ke park mein jala rahe hain. Urgent issue.,environment,Hinglish
e88e9eb5-65b4-4b13-97e6-0b028258948c,The primary health center in Giridih has no doctors on night duty. Kripya dhyan de.,healthcare,English
7b7c4376-9e72-40af-ae86-3eb354cc589f,Need immediate dengue fogging in Jamshedpur as cases are rising. Koi dhyan de.,healthcare,English
145378e5-f3ab-4181-896a-0a9264047503,Hazaribagh ke government office mein disabled logo ke liye lift nahi hai. Kripya dhyan de.,accessibility,Hinglish
c698225c-b15f-4f2c-9e3a-babc153a3841,"Gumla mein drainage system block hai, sadak par pani bhara hai.",urban_development,Hinglish
448e14a8-d7df-4b07-bd7d-d71d5075545a,Ramgarh तहसील कार्यालय में अधिकारी समय पर नहीं आते।,public_admin,Hindi
0252acaf-2a61-4ebc-998e-41fb7058d760,Water tanker Jamshedpur mein nahi aa raha hai. Kripya dhyan de.,water,Hinglish
6780b3ce-e086-4838-9e9b-0b94b2d11edd,Crops in Deoghar are dying due to lack of irrigation canals. Please help.,agriculture,English
a202b5ed-1430-45b8-be93-5b8ddc6f9c3a,Plastic kachra Giridih ke park mein jala rahe hain. Koi dhyan de.,environment,Hinglish
6a6985f4-8012-4b89-9a2b-f2c99d847279,Bokaro mein naya borewell khudwane ki jarurat hai. Koi dhyan de.,water,Hinglish
b2e7c132-f558-4af8-ac60-16e8247f3543,Online portal for Jamshedpur property tax is continuously crashing. Please help.,public_admin,English
c3c8a741-55fb-4486-b9fd-1652a2891c3d,Factories in Jamshedpur are releasing toxic smoke at night. Fix it asap.,environment,English
dd196573-ce8b-4034-8415-9f7d661681d2,Plastic kachra Palamu ke park mein jala rahe hain. Please help.,environment,Hinglish
ee0f9793-b639-4890-be6a-a7c7b847cb98,Need proper waste segregation systems in Gumla. Koi dhyan de.,environment,English
69496ffa-2b20-454b-9278-41a34bdae265,Giridih hospital mein wheelchair available nahi hai. Kripya dhyan de.,accessibility,Hinglish
b6d425d6-f838-47b2-b838-1ee5e5d9f2e2,हमारे मोहल्ले Deoghar में पानी का प्रेशर बहुत कम है।,water,Hindi
b7585fb9-ad97-4e58-b3f3-2230e352ba89,Maternity ward in Ranchi is in unhygienic conditions. Please help.,healthcare,English
da04c64e-b0c4-4614-b02f-e5a3138071c9,Need better library facilities in our government college at Gumla. Koi dhyan de.,education,English
69f72f83-f62f-4c53-833f-c80249624e10,The local primary school in Ramgarh has no roof and leaks during rain. Please help.,education,English
2f08858f-1620-4f99-a371-c1eaeb291f51,Deoghar में बिजली का बिल बहुत ज्यादा और गलत आ रहा है। Fix it asap.,energy,Hindi
7f32a05a-917c-468e-879d-e7be35b5b665,"Jamshedpur में सीवर लाइन का ढक्कन खुला है, खतरा है। Urgent issue.",urban_development,Hindi
c83bcf40-da79-43b7-86bc-a2b2a44b0957,Deoghar mein naya borewell khudwane ki jarurat hai.,water,Hinglish
9affe7a2-c3bc-4adb-9fc3-d74c4e7e5cac,The primary health center in Palamu has no doctors on night duty. Koi dhyan de.,healthcare,English
5157f022-a5ef-40d6-9580-66ecbb295f4b,"Hazaribagh में खाद और बीज की बहुत कमी है, खेती कैसे करें? Urgent issue.",agriculture,Hindi
5fe81240-a612-426e-bcd5-c2aaa9ab3e70,हमारे मोहल्ले Palamu में पानी का प्रेशर बहुत कम है। Koi dhyan de.,water,Hindi
46db137d-f6dc-4631-b3b4-cc2372a715ba,Ranchi में मुर्गी पालन के लिए सब्सिडी का पैसा नहीं आया। Urgent issue.,rural_livelihoods,Hindi
bbdd9a02-b490-4a54-bf34-b7f528cf450c,Ramgarh hospital mein wheelchair available nahi hai. Urgent issue.,accessibility,Hinglish
d0e7afb8-2d3a-4539-b0f3-9936c27c8960,The main road in Ramgarh is full of potholes causing accidents. Fix it asap.,urban_development,English
b06d81a8-6ca4-4a74-aff4-6ed78a3fdd89,Blind tactile paths are broken on Gumla footpaths.,accessibility,English
4d6a0ef9-edce-4670-9285-f0df07e939cd,Frequent power cuts in Ramgarh are affecting student studies. Fix it asap.,energy,English
859ca235-762e-4b50-882d-fc33f8ffd619,Dhanbad के अस्पताल में एंबुलेंस की सुविधा नहीं है। Urgent issue.,healthcare,Hindi
525faa3b-3ab6-4a95-9342-7ee54fcb19ad,Plastic kachra Ramgarh ke park mein jala rahe hain.,environment,Hinglish
fdeb5bb8-1183-439a-9900-d7ab3426dc23,Need proper waste segregation systems in Jamshedpur. Urgent issue.,environment,English
48fea420-3680-43b0-a5c8-8d5dabba4b7e,"Exam paper leak ho gaya hai Bokaro mein, exams cancel hone chahiye. Urgent issue.",education,Hinglish
61bcc649-72ea-4b5a-86c1-36d0752f1ebe,Crops in Hazaribagh are dying due to lack of irrigation canals. Fix it asap.,agriculture,English
56711c9c-0493-4dfe-828c-2d776e033673,"Giridih में कोल्ड स्टोरेज की सुविधा नहीं চরম है, सब्जियां खराब हो रही हैं। Urgent issue.",agriculture,Hindi
3e29f0b5-be58-43f9-8b38-7033e0a02fe5,"Deoghar में कोल्ड स्टोरेज की सुविधा नहीं চরম है, सब्जियां खराब हो रही हैं। Fix it asap.",agriculture,Hindi
cffe13fb-fcf5-4c41-9bcd-7aa3aa15df4f,Garbage collection truck does not visit Bokaro regularly. Fix it asap.,urban_development,English
461537f9-f7d8-420e-9ad1-f8042a11961a,Solar panels installed in Hazaribagh government building are defective. Fix it asap.,energy,English
acd29667-7f17-4140-8d38-bfec3178f6af,Solar panels installed in Palamu government building are defective. Urgent issue.,energy,English
3587757f-6b78-4300-8c5a-295c684c1ffd,हमारे Gumla के स्कूल में पीने का पानी नहीं है। Kripya dhyan de.,education,Hindi
1c2c251a-3cf4-4824-983e-f28948521f6e,"Pipeline is leaking near the main road in Ramgarh, wasting water. Please help.",water,English
ab38354d-84d7-4a8d-be62-08f85f7e45f1,"Giridih में बहुत ज्यादा पेड़ काटे जा रहे हैं, कोई रोक नहीं है। Urgent issue.",environment,Hindi
9b7a7a3c-72da-445f-a3e9-5d4a79c0c374,Need better citizen facilitation center in Deoghar.,public_admin,English
3bd640de-509e-4882-b90a-3b3bc269e1c2,The primary health center in Palamu has no doctors on night duty. Kripya dhyan de.,healthcare,English
e0a452ac-8264-4e33-aa83-7392690ac48e,No wheelchair ramp available at the Bokaro railway station. Koi dhyan de.,accessibility,English
70b9db21-e750-4d99-975b-7bd11d64c20c,Giridih mein transformer jal gaya hai 3 din pehle. Koi dhyan de.,energy,Hinglish
d86eb4e7-d40a-4496-8dc2-a14a02302593,Giridih mein parking ki suvidha nahi hone se traffic jam hota hai. Koi dhyan de.,urban_development,Hinglish
b3006bc3-707b-4a29-a05c-ae495cc2802d,सरकारी अस्पताल Palamu में डॉक्टर पैसे मांग रहे हैं। Kripya dhyan de.,healthcare,Hindi
17016fed-9b04-4216-b768-52b6d5fb7e04,Gumla के बस स्टैंड पर विकलांगों के लिए कोई सुविधा नहीं है। Please help.,accessibility,Hindi
b03bd0d1-39cc-4ded-b113-ce5589a41313,Deoghar में अवैध अतिक्रमण के कारण सड़क जाम रहती है।,urban_development,Hindi
58c2a821-869d-4bcd-9716-122c170dc75b,Construction of the Ranchi flyover has been stalled for 2 years. Koi dhyan de.,urban_development,English
4f7f3fbe-0d1a-4246-9d8d-c196318ff688,Air quality index in Palamu is hazardous due to construction dust. Please help.,environment,English
f4010704-7fec-4d9a-9096-41710efe50c3,Plastic kachra Gumla ke park mein jala rahe hain.,environment,Hinglish
b1fb281d-8f1f-4720-ad58-b8aaba330c87,Jamshedpur park mein jhule tute hue hain aur kachra hai. Fix it asap.,urban_development,Hinglish
32890f34-befd-4597-bee7-8c115a6fb55d,Lack of computer labs in the Bokaro high school is affecting students. Urgent issue.,education,English
47c1e367-ebe2-4eae-a1a1-6d2a39a28971,हमारे Ranchi के स्कूल में पीने का पानी नहीं है। Please help.,education,Hindi
1479f983-c74d-484e-adb9-76b076711af2,Bokaro में मुर्गी पालन के लिए सब्सिडी का पैसा नहीं आया। Please help.,rural_livelihoods,Hindi
6fb4eea2-cb57-4a38-89cf-7b0c6224e288,हमारे गांव Ranchi में अभी तक बिजली के खंभे नहीं लगे हैं। Kripya dhyan de.,energy,Hindi
e226551e-c2ba-411b-8ab9-38f1a940e445,Jamshedpur hospital mein wheelchair available nahi hai. Please help.,accessibility,Hinglish
310fd0c7-80eb-4200-854f-c0a4590bcd5f,Gumla में जल जीवन मिशन का काम अधूरा पड़ा है। Kripya dhyan de.,water,Hindi
f13fab03-0761-405f-b05b-c06aac388bbe,Giridih तहसील कार्यालय में अधिकारी समय पर नहीं आते। Kripya dhyan de.,public_admin,Hindi
c9012949-c232-477b-97ce-044e1e8446cd,Factories in Palamu are releasing toxic smoke at night. Koi dhyan de.,environment,English
b239c7bb-2664-4581-b046-b92a02c028d8,Giridih park mein jhule tute hue hain aur kachra hai. Please help.,urban_development,Hinglish
1017f200-5d7b-49e4-9409-de6380e2fae5,"Exam paper leak ho gaya hai Bokaro mein, exams cancel hone chahiye. Please help.",education,Hinglish
1bde90ba-4191-4077-b227-be454e543408,Gumla block office mein caste certificate banane mein bahut time lag raha hai. Urgent issue.,public_admin,Hinglish
dd9b1868-3598-424b-8f1b-2eba59385355,Ayushman card Ranchi ke private hospital mein accept nahi kar rahe. Urgent issue.,healthcare,Hinglish
f3c835ee-9e13-4e54-8b29-113a67a96e74,Bribery is rampant in the Ramgarh RTO office for driving licenses. Urgent issue.,public_admin,English
c8635774-4d2a-443d-b654-2a5b28c84a5a,Need better citizen facilitation center in Bokaro. Please help.,public_admin,English
5958fd20-4b56-4c9c-b8eb-123af03a78ec,पहाड़ों पर Jamshedpur में अवैध खनन हो रहा है। Kripya dhyan de.,environment,Hindi
822722c8-152f-4ff4-b73e-8a71be4f60c8,Self-help groups in Deoghar are not receiving government funding. Fix it asap.,rural_livelihoods,English
29fb44a8-4fbd-4ab3-958b-bcf9e2355bb7,"Bokaro में मलेरिया तेजी से फैल रहा है, कोई रोकथाम नहीं है। Kripya dhyan de.",healthcare,Hindi
f901299d-366d-4923-9e7b-0cb8f0d9096f,Ramgarh में मूक-बधिर बच्चों के लिए विशेष स्कूल नहीं है।,accessibility,Hindi
addf4dac-b182-49cc-b9b8-e8b0d6e61a70,Dhanbad में अवैध अतिक्रमण के कारण सड़क जाम रहती है। Fix it asap.,urban_development,Hindi
88651211-123d-429b-97cf-fdc4a5453048,Minimum Support Price is not being offered at the Dhanbad mandi. Fix it asap.,agriculture,English
7da490dd-a53f-4903-83fb-71dad412921c,Divyang pension Ramgarh mein time par nahi mil rahi hai. Please help.,accessibility,Hinglish
b1988f23-08f1-46d9-af6c-b7a2dcb1d567,Giridih में बिजली का बिल बहुत ज्यादा और गलत आ रहा है। Fix it asap.,energy,Hindi
c5402424-4585-4ad4-9165-8558ae65337a,Crops in Giridih are dying due to lack of irrigation canals. Urgent issue.,agriculture,English
336b572d-4c22-4eb8-b328-1aebd7f6d0d6,Need soil testing lab in Ranchi for better crop yield. Fix it asap.,agriculture,English
fdd10392-77dd-4f00-a6a1-171c09db3237,Kisan credit card ka loan maaf nahi hua Jamshedpur mein. Fix it asap.,agriculture,Hinglish
bd77f008-6c70-43fa-825b-58a4f45632f5,Palamu तहसील कार्यालय में अधिकारी समय पर नहीं आते। Koi dhyan de.,public_admin,Hindi
0cf03358-6b71-406e-91fc-afa4755f425d,Low voltage issue in Jamshedpur is damaging water pumps. Urgent issue.,energy,English
4bddadb5-740e-43f4-9761-9478dbc3890c,No drinking water supply in Ramgarh for the last 5 days. Please help.,water,English
796482f3-565c-4de6-940a-9447356931f0,No drinking water supply in Bokaro for the last 5 days. Urgent issue.,water,English
1edf57c8-aefb-4c22-a031-4dc4c52d61e1,Construction of the Ranchi flyover has been stalled for 2 years. Urgent issue.,urban_development,English
3069e25f-9b08-4019-aed6-264eb1b614c1,Hazaribagh में कुटीर उद्योग लगाने के लिए कोई सरकारी सहायता नहीं मिल रही है। Please help.,rural_livelihoods,Hindi
a73dac9c-f9d3-47da-a3f4-31920e801d86,"Deoghar में मलेरिया तेजी से फैल रहा है, कोई रोकथाम नहीं है। Koi dhyan de.",healthcare,Hindi
a63003b2-87ef-4b44-9d03-780959ed9bb7,Ranchi में मुर्गी पालन के लिए सब्सिडी का पैसा नहीं आया।,rural_livelihoods,Hindi
3aeeb8dc-d3b1-4a28-8a15-8d862578fe34,Dhanbad ke river mein chemicals dump kiye ja rahe hain. Urgent issue.,environment,Hinglish
5316a7df-f137-49ae-966b-da819346d251,Lack of computer labs in the Giridih high school is affecting students. Fix it asap.,education,English
e860fc34-a507-4e7b-b934-b974aadd91e6,Tractor subsidy ka form reject ho gaya Jamshedpur office se. Please help.,agriculture,Hinglish
aa84b49f-30b6-4dee-88bc-dcfa6d56dc65,"Jamshedpur mein drainage system block hai, sadak par pani bhara hai. Urgent issue.",urban_development,Hinglish
667c89e1-19da-4b1b-8b2f-fda2758ceeb5,"Palamu में खाद और बीज की बहुत कमी है, खेती कैसे करें?",agriculture,Hindi
26030167-779b-4dd8-9c80-02f5749e95ef,आवारा पशु Hazaribagh में हमारी सारी फसल चर गए हैं। Kripya dhyan de.,agriculture,Hindi
59eae3d7-7a4a-4852-9639-9e6401d229ff,No wheelchair ramp available at the Ranchi railway station. Koi dhyan de.,accessibility,English
c4ada5e8-7e2b-4873-8e4d-ecc2cbd1f6be,Solar panels installed in Hazaribagh government building are defective. Please help.,energy,English
a63a7dd0-5dee-4e81-998d-27f3ab799db9,Palamu panchayat mein MNREGA ka payment ruka hua hai. Koi dhyan de.,public_admin,Hinglish
5bd94f2f-927f-4aae-b745-ffd31001ea5c,"Pipeline is leaking near the main road in Dhanbad, wasting water. Please help.",water,English
25c7bbcd-e1ad-4bc9-a071-c2a4f1fe9dfa,Bribery is rampant in the Dhanbad RTO office for driving licenses. Urgent issue.,public_admin,English
27d8d7c2-9f1d-4118-91b7-3b3f56d1cd96,No drinking water supply in Gumla for the last 5 days. Urgent issue.,water,English
d5fc97d4-d75c-4097-8743-91b2f2ead9f2,No drinking water supply in Hazaribagh for the last 5 days. Fix it asap.,water,English
335c79ef-c266-470c-994a-d799bafeb893,Giridih panchayat mein MNREGA ka payment ruka hua hai. Koi dhyan de.,public_admin,Hinglish
d5e1d0c2-523a-4dda-b1d7-15a43ec66217,हमारे गांव Gumla में अभी तक बिजली के खंभे नहीं लगे हैं। Koi dhyan de.,energy,Hindi
d31c4bb4-d68d-4203-ba42-117cdd774992,No ultrasound machine available in the Bokaro district hospital. Kripya dhyan de.,healthcare,English
a335bf42-7de4-4631-aa3f-2c8a5f0242ff,Illegal sand mining is destroying the riverbed in Gumla.,environment,English
62f16f32-35da-468d-90c8-325fe57d512b,Need better library facilities in our government college at Dhanbad. Please help.,education,English
3637f503-fbd1-4858-8dd5-bac92b6473e7,हमारे गांव Deoghar में अभी तक बिजली के खंभे नहीं लगे हैं। Kripya dhyan de.,energy,Hindi
85322053-cf05-4b0d-8f0a-d5919ea72abb,Maternity ward in Ranchi is in unhygienic conditions.,healthcare,English
8022a1bf-2a10-4b16-9119-b65f78aa47a3,Street lights in Dhanbad sector 4 are not working. Kripya dhyan de.,energy,English
2cc6909d-3a38-4742-a02d-1b81f8c8f657,"विद्यालय का भवन बहुत जर्जर हालत में है Gumla में, कभी भी गिर सकता है।",education,Hindi
43c99764-adc6-4e3a-96c3-fee2439beeda,Ranchi में जल जीवन मिशन का काम अधूरा पड़ा है। Urgent issue.,water,Hindi
5ea1b7e0-4059-496a-8c76-d0c4609be15b,Minimum Support Price is not being offered at the Giridih mandi. Please help.,agriculture,English
edf74719-d0b1-47b4-8a41-3416231b2db3,"Exam paper leak ho gaya hai Deoghar mein, exams cancel hone chahiye. Koi dhyan de.",education,Hinglish
15717244-7f6c-4f7f-8dc1-9bd8a0dd2372,"Ramgarh के पास के जंगल में आग लग गई है, तुरंत बुझाएं। Please help.",environment,Hindi
43583f2c-4ca2-448f-bada-a637a14d2ad2,हमारे Hazaribagh के स्कूल में पीने का पानी नहीं है। Kripya dhyan de.,education,Hindi
3801d45c-3092-4334-9c5e-be6e4578baaa,"Ranchi के पास के जंगल में आग लग गई है, तुरंत बुझाएं। Koi dhyan de.",environment,Hindi
2ebff046-e30f-4690-a7f3-7a684f78b770,Lack of computer labs in the Hazaribagh high school is affecting students.,education,English
335d9d8a-da40-4876-a6a1-8c36b2bb70d0,आवारा पशु Gumla में हमारी सारी फसल चर गए हैं। Fix it asap.,agriculture,Hindi
9b88d931-78bd-4e52-b125-8521ad8f0152,High voltage ke karan Ranchi mein logo ke TV jal gaye. Fix it asap.,energy,Hinglish
b7d89db6-e67f-413d-a332-b26acd6c99b7,No ultrasound machine available in the Ranchi district hospital. Kripya dhyan de.,healthcare,English
5cad0854-fa1b-45c4-b7c7-82161f07e89a,Need better citizen facilitation center in Bokaro. Please help.,public_admin,English
8b96cdfe-d85b-48d6-9f34-a64924ac6dce,Need modern dairy farming training programs in Jamshedpur. Fix it asap.,rural_livelihoods,English
914fb352-7c3c-49d4-a207-95b6396a2b97,हमारे गांव Ranchi में अभी तक बिजली के खंभे नहीं लगे हैं। Fix it asap.,energy,Hindi
c02e51b7-f3ef-4f55-818a-3c4d8f4d8f26,गांव Hazaribagh से लोग रोजगार की तलाश में पलायन कर रहे हैं। Fix it asap.,rural_livelihoods,Hindi
334cba63-4f1b-458c-bef2-e10484daa6d4,Unseasonal rains have destroyed wheat crops in Dhanbad. Kripya dhyan de.,agriculture,English
e5059aa6-1ceb-49e9-857e-55e569009505,Public buses in Deoghar are not accessible for differently-abled citizens.,accessibility,English
c94b3db8-7705-41b8-813b-60b209f24800,Dhanbad में राशन कार्ड में नाम जुड़वाने के लिए पैसे मांगे जा रहे हैं। Fix it asap.,public_admin,Hindi
e02d44ff-cc0a-4911-bafb-97684fdcf941,विकलांग प्रमाण पत्र बनवाने में Ramgarh में बहुत दिक्कत आ रही है। Koi dhyan de.,accessibility,Hindi
84355ac3-a3bf-4ce0-a875-2aa4e63007e0,Ranchi mein transformer jal gaya hai 3 din pehle.,energy,Hinglish
54250c0a-6f8e-4f88-8763-f1eab512379e,Ramgarh में जल जीवन मिशन का काम अधूरा पड़ा है।,water,Hindi
fa48fe6a-4b53-49ba-b0da-66cd577d1f74,Jamshedpur में मूक-बधिर बच्चों के लिए विशेष स्कूल नहीं है। Koi dhyan de.,accessibility,Hindi
7d653c46-c476-4626-aa02-7c42e1c6bd45,Skill development center in Deoghar has been closed down.,rural_livelihoods,English
50b54859-0bb2-4080-8078-ae7730c87ddb,Women weavers in Giridih need micro-loans for purchasing looms. Koi dhyan de.,rural_livelihoods,English
a15f5ad7-1e42-4ae5-b6a4-816762cd629d,Fasal bima yojana ka paisa Ranchi ke kisano ko nahi mila. Please help.,agriculture,Hinglish
b3205413-7018-42ff-836c-5bf668cf16b0,"Hazaribagh में बहुत ज्यादा पेड़ काटे जा रहे हैं, कोई रोक नहीं है। Koi dhyan de.",environment,Hindi
9af7ec15-1471-4fa3-8276-75943f7e04bf,"Ranchi में बहुत ज्यादा पेड़ काटे जा रहे हैं, कोई रोक नहीं है। Kripya dhyan de.",environment,Hindi
c985eebb-5866-4739-9158-9a3c485f4a2e,Low voltage issue in Jamshedpur is damaging water pumps. Koi dhyan de.,energy,English
ae31c372-7e34-4f49-a847-12eaec024120,Illegal sand mining is destroying the riverbed in Palamu. Fix it asap.,environment,English
d19a3785-ac50-4158-8333-7a91f6d0874e,Jamshedpur mein sound pollution limit se cross ho gaya hai.,environment,Hinglish
693cbdd6-413d-464d-bb83-5aa2722ea804,No wheelchair ramp available at the Jamshedpur railway station. Urgent issue.,accessibility,English
0cb23105-c5b0-4c05-ab9a-8dd231c04df0,Illegal sand mining is destroying the riverbed in Dhanbad. Kripya dhyan de.,environment,English
4aa30f4f-a5d9-4750-b87a-c483b7a3ef96,"Ranchi के पास के जंगल में आग लग गई है, तुरंत बुझाएं। Fix it asap.",environment,Hindi
39126199-6277-4b62-bdbe-7ecac17eba39,Ramgarh hospital mein wheelchair available nahi hai. Please help.,accessibility,Hinglish
caea3e36-e2a8-4f11-a207-ea953a2050a4,Self-help groups in Ranchi are not receiving government funding. Koi dhyan de.,rural_livelihoods,English
215dc243-7417-4fc3-8171-50e782cb7ce3,Water tanker Palamu mein nahi aa raha hai. Kripya dhyan de.,water,Hinglish
60b1b562-8217-4d90-8502-3e2a5863bb4e,Maternity ward in Giridih is in unhygienic conditions. Kripya dhyan de.,healthcare,English
d9880326-4b6c-4fd8-824d-fb24807d16cc,Construction of the Ramgarh flyover has been stalled for 2 years. Kripya dhyan de.,urban_development,English
12d0595b-2b25-4f87-a52a-9c5f99a7d05e,Giridih mein MNREGA ke tahat 100 din ka kaam nahi mil raha. Kripya dhyan de.,rural_livelihoods,Hinglish
f4bfa13f-d402-4341-a6cf-e1b6d3cdd8b0,Public buses in Ramgarh are not accessible for differently-abled citizens. Please help.,accessibility,English
e329b2c7-ed18-44d4-a183-228e912a91a4,Frequent power cuts in Hazaribagh are affecting student studies. Koi dhyan de.,energy,English
d7cae1dc-f991-4ee1-9789-68538d96680c,Need soil testing lab in Hazaribagh for better crop yield. Urgent issue.,agriculture,English
11e11909-5c5d-4551-a18d-c83188f9fbae,The primary health center in Ramgarh has no doctors on night duty. Koi dhyan de.,healthcare,English
bbcbf77b-91be-4e95-a648-3f1cb2e25547,Illegal sand mining is destroying the riverbed in Deoghar. Fix it asap.,environment,English
56b65521-7a5f-4820-90bd-99e034bf002c,"Ranchi में सीवर लाइन का ढक्कन खुला है, खतरा है। Urgent issue.",urban_development,Hindi
6abe56cf-680e-488f-9891-ae350f45c782,Palamu block office mein caste certificate banane mein bahut time lag raha hai. Koi dhyan de.,public_admin,Hinglish
8e212ecf-83b7-4d10-9c1d-4cada095d220,Plastic kachra Jamshedpur ke park mein jala rahe hain. Urgent issue.,environment,Hinglish
2edc4e03-605b-4a13-ba76-9ea60963e074,Need better citizen facilitation center in Hazaribagh. Kripya dhyan de.,public_admin,English
31349d76-9fac-45e6-aab0-3d4f143ae459,Gumla ke hospital mein dawaiyan available nahi hain. Please help.,healthcare,Hinglish
aa7676dd-dd1f-4d18-b2e0-c12493481651,Low voltage issue in Giridih is damaging water pumps. Please help.,energy,English
2938beb0-345a-4adc-83e4-a14c7b459f04,"Giridih के पास के जंगल में आग लग गई है, तुरंत बुझाएं। Kripya dhyan de.",environment,Hindi
dbe8a12e-b29c-4b39-9d1c-79eab7dec4c2,हमारे गांव Deoghar में अभी तक बिजली के खंभे नहीं लगे हैं।,energy,Hindi
8afc45ee-11c4-4b3e-b427-813f3d4d9d8b,No ultrasound machine available in the Dhanbad district hospital. Urgent issue.,healthcare,English
79eddd15-0ea1-4805-b704-8c3032a664b4,Bokaro ke gaon mein artisans ko unka saman bechne ka market nahi hai.,rural_livelihoods,Hinglish
1b42cd12-33fb-4654-a4de-a42d6a78a102,Giridih में जल जीवन मिशन का काम अधूरा पड़ा है। Fix it asap.,water,Hindi
e1042b56-13c4-435f-8a66-37494f509b8a,Need proper waste segregation systems in Dhanbad. Kripya dhyan de.,environment,English
df482367-6e17-4dd1-a29e-efbb3f4c8696,Blind tactile paths are broken on Jamshedpur footpaths.,accessibility,English
79fdefec-3947-4214-8b4c-b2adbcbb61ac,Hazaribagh ke government office mein disabled logo ke liye lift nahi hai.,accessibility,Hinglish
c03185eb-cf9a-44a8-afd4-56986637cb38,Public buses in Palamu are not accessible for differently-abled citizens. Kripya dhyan de.,accessibility,English
9711b329-bb98-4ac7-b12a-39dd86ed31f6,"विद्यालय का भवन बहुत जर्जर हालत में है Deoghar में, कभी भी गिर सकता है। Urgent issue.",education,Hindi
67a8041a-00c2-4589-9fa1-c2ea861611c9,Air quality index in Bokaro is hazardous due to construction dust. Kripya dhyan de.,environment,English
ce8171ab-7b9c-4d74-95d0-f157ad5ad88f,Low voltage issue in Palamu is damaging water pumps. Koi dhyan de.,energy,English
6b39512f-1353-4eab-8c8c-67d067406fdd,Police verification ke liye Bokaro thane mein pareshan kiya ja raha hai. Kripya dhyan de.,public_admin,Hinglish
6a3cbe5d-bf84-45ca-9e37-c6d30a852072,Ranchi ke hospital mein dawaiyan available nahi hain. Fix it asap.,healthcare,Hinglish
11522a1e-94c3-418e-989b-36b5f0ad19d6,Hazaribagh में मुर्गी पालन के लिए सब्सिडी का पैसा नहीं आया। Please help.,rural_livelihoods,Hindi
e7b7422d-00af-46d3-befc-56dba16754cd,"Ramgarh के पास के जंगल में आग लग गई है, तुरंत बुझाएं।",environment,Hindi
79198bfa-9422-4556-ad07-d61bf9b06938,The local primary school in Bokaro has no roof and leaks during rain.,education,English
56ad601d-1197-4b2d-a059-6a85b94c8c5c,पहाड़ों पर Ranchi में अवैध खनन हो रहा है। Kripya dhyan de.,environment,Hindi
78adf616-6203-4cbf-98e3-c11c55b2f0ab,"Exam paper leak ho gaya hai Gumla mein, exams cancel hone chahiye.",education,Hinglish
4eef8615-5f64-46da-a497-2ecf1eaf885f,The primary health center in Dhanbad has no doctors on night duty. Fix it asap.,healthcare,English
9eb50e17-8a72-46e4-9432-a5585049686d,Blind tactile paths are broken on Jamshedpur footpaths. Fix it asap.,accessibility,English
ec00e400-eab0-46eb-8169-8cd521a1ecf2,Ranchi mein forest produce ka sahi daam nahi mil raha adivasiyon ko. Koi dhyan de.,rural_livelihoods,Hinglish
4a9ecc0b-05ad-4544-88b6-1d5997d3c9e9,The primary health center in Giridih has no doctors on night duty. Fix it asap.,healthcare,English
65c5c5b5-6915-48ed-be05-b577679ece96,Tractor subsidy ka form reject ho gaya Palamu office se. Urgent issue.,agriculture,Hinglish
9e68827e-e4fc-4980-b2a4-750456c0d55c,Need better citizen facilitation center in Hazaribagh. Urgent issue.,public_admin,English
bc411967-6c6a-405d-8307-9678c4bebcdb,पहाड़ों पर Ranchi में अवैध खनन हो रहा है। Fix it asap.,environment,Hindi
77413eb8-6cc5-47dd-b6b7-15381dccc5ba,Deoghar mein MNREGA ke tahat 100 din ka kaam nahi mil raha. Please help.,rural_livelihoods,Hinglish
e4b02fb1-acbc-48ab-9566-2d15b03e5b90,Factories in Jamshedpur are releasing toxic smoke at night. Urgent issue.,environment,English
9ef3c62c-bbe3-4214-ad6a-7edf7276eebd,Plastic kachra Dhanbad ke park mein jala rahe hain. Urgent issue.,environment,Hinglish
d07c89af-ee2c-4fab-b27d-6434bb273e6f,"Deoghar के पास के जंगल में आग लग गई है, तुरंत बुझाएं। Fix it asap.",environment,Hindi
bc04e50a-e509-47ea-ac5e-eeb0915de2d6,Solar panels installed in Deoghar government building are defective. Kripya dhyan de.,energy,English
6d9468b3-9401-4ae1-8fd6-21899e05d000,Fasal bima yojana ka paisa Palamu ke kisano ko nahi mila. Kripya dhyan de.,agriculture,Hinglish
b5ed3248-f0fd-4f48-b45e-f39cbd79efd0,Giridih में कुटीर उद्योग लगाने के लिए कोई सरकारी सहायता नहीं मिल रही है। Please help.,rural_livelihoods,Hindi
648e0e5d-4710-4d5a-a9e4-a42599437061,Bokaro ke government office mein disabled logo ke liye lift nahi hai. Kripya dhyan de.,accessibility,Hinglish
3856d966-0471-45b0-9a92-5f30f7d24707,Fluoride contamination in Ramgarh groundwater is causing health issues. Koi dhyan de.,water,English
42ab8897-d500-4ef8-8cf3-0a89036f155d,Garbage collection truck does not visit Dhanbad regularly. Urgent issue.,urban_development,English
46134717-ec88-45c5-aec5-244382c4eb48,Ramgarh ke gaon mein artisans ko unka saman bechne ka market nahi hai. Koi dhyan de.,rural_livelihoods,Hinglish
679b3ce8-20f7-41b7-93fd-35dff5423b91,Self-help groups in Deoghar are not receiving government funding.,rural_livelihoods,English
dad07009-e615-49f7-98db-61e6aeab1efc,"Ramgarh mein naya meter connection apply kiya tha, abhi tak nahi laga. Kripya dhyan de.",energy,Hinglish
93eb7d74-a787-4678-89f6-b877ae710e2b,Bokaro ke gaon mein artisans ko unka saman bechne ka market nahi hai. Fix it asap.,rural_livelihoods,Hinglish
718f4463-0292-474a-b39c-3a7f8e66f600,Need audio signals at Ranchi traffic lights for visually impaired.,accessibility,English
f801eeae-4f7b-49c6-8ec7-49e6fb59b25d,Unseasonal rains have destroyed wheat crops in Ranchi.,agriculture,English
5f2b88da-8583-45e2-a416-4a90063a2e08,विकलांग प्रमाण पत्र बनवाने में Hazaribagh में बहुत दिक्कत आ रही है। Koi dhyan de.,accessibility,Hindi
af103eeb-b520-4c12-bbd3-a76033584c9d,Gumla ke government office mein disabled logo ke liye lift nahi hai. Fix it asap.,accessibility,Hinglish
b8f962ed-7d63-468e-9376-58747a781c20,Deoghar में मुर्गी पालन के लिए सब्सिडी का पैसा नहीं आया। Please help.,rural_livelihoods,Hindi
ea3d642d-7d56-4efe-96dd-78e9c4179c22,Need proper waste segregation systems in Deoghar.,environment,English
895101f1-8631-4aba-9f2a-1beeeb9113e7,Low voltage issue in Jamshedpur is damaging water pumps. Please help.,energy,English
d15ad95b-ec82-46b9-9ec7-b00996e2e949,The local pond in Ramgarh is completely dried up. Koi dhyan de.,water,English
3cf16ab1-05bf-4838-9fa2-056c5e3bcdd8,Frequent power cuts in Palamu are affecting student studies. Koi dhyan de.,energy,English
c9a7a081-def5-4b28-bf87-f80a68b76b42,Jamshedpur के बस स्टैंड पर विकलांगों के लिए कोई सुविधा नहीं है। Please help.,accessibility,Hindi
858f8c9c-4f19-437c-acdc-bc4cec06527c,Giridih ke gaon mein artisans ko unka saman bechne ka market nahi hai. Fix it asap.,rural_livelihoods,Hinglish
7ca96dc4-87fe-4ba3-9e23-0c5530b22fc1,Ranchi panchayat mein MNREGA ka payment ruka hua hai. Urgent issue.,public_admin,Hinglish
2a01522c-c844-406e-ac4d-d480a439f370,Jamshedpur तहसील कार्यालय में अधिकारी समय पर नहीं आते। Please help.,public_admin,Hindi
99eca535-bdb3-4b8e-88f6-dea05e56a24e,Self-help groups in Bokaro are not receiving government funding.,rural_livelihoods,English
e09c38dc-d74b-4fbe-bcb7-3f2663781f5f,Need better library facilities in our government college at Hazaribagh. Fix it asap.,education,English
99b05753-9e6b-4b86-8cda-e0eb4a816519,Minimum Support Price is not being offered at the Hazaribagh mandi.,agriculture,English
ff0c7515-67bc-4f9b-aa05-2b8897662bdc,The main road in Ranchi is full of potholes causing accidents. Fix it asap.,urban_development,English
c2b46eae-7cde-4965-a1fe-ee59679f6f21,Public buses in Palamu are not accessible for differently-abled citizens. Please help.,accessibility,English
123adc1a-81ab-4b87-830f-e0289bd4641c,Dhanbad ke hospital mein dawaiyan available nahi hain. Kripya dhyan de.,healthcare,Hinglish
25ddac6a-c871-49d6-afea-7b4f51316152,"Hazaribagh mein naya meter connection apply kiya tha, abhi tak nahi laga. Fix it asap.",energy,Hinglish
b3594b1f-8aa8-4649-be42-2b89811aa526,Hazaribagh की पानी की टंकी में गंदगी है और पानी बदबूदार आ रहा है।,water,Hindi
d910d60b-f410-4134-a56f-c695c66ec516,Skill development center in Ranchi has been closed down. Kripya dhyan de.,rural_livelihoods,English
359c88e7-0563-4b56-b6d6-2c08b8a8adde,Crops in Giridih are dying due to lack of irrigation canals. Fix it asap.,agriculture,English
9901a26f-658f-4437-ade3-b771b9d00160,"Deoghar mein naya meter connection apply kiya tha, abhi tak nahi laga. Kripya dhyan de.",energy,Hinglish
217e3c43-0b9f-428f-931c-ef5501fc1e04,Need public toilets in the busy market area of Jamshedpur. Kripya dhyan de.,urban_development,English
804b5b05-5d3f-4854-bf29-42f8a2abba8e,Divyang pension Hazaribagh mein time par nahi mil rahi hai. Kripya dhyan de.,accessibility,Hinglish
b6c05661-ad99-4a30-b2da-502d9038553c,Kisan credit card ka loan maaf nahi hua Dhanbad mein.,agriculture,Hinglish
1f82e877-c604-4624-9537-8a687f395897,हमारे गांव Gumla में अभी तक बिजली के खंभे नहीं लगे हैं। Kripya dhyan de.,energy,Hindi
b3e0e1e3-6e76-4b89-9d1c-b6259fa1e097,Tractor subsidy ka form reject ho gaya Dhanbad office se. Urgent issue.,agriculture,Hinglish
7c168bf3-5f3f-473f-8e33-7348505c504f,Tractor subsidy ka form reject ho gaya Ramgarh office se. Please help.,agriculture,Hinglish
77f47120-4ecd-485c-b4e0-6fe104c89184,Hazaribagh mein naya borewell khudwane ki jarurat hai. Urgent issue.,water,Hinglish
3c742e8e-d05f-4b7c-aa3f-d316115af613,Self-help groups in Giridih are not receiving government funding. Kripya dhyan de.,rural_livelihoods,English
1e5c7d24-229c-41ba-b293-4582bc55edc1,Gumla School mein teacher nahi aate hain pichle ek mahine se. Koi dhyan de.,education,Hinglish
230e8a3d-d940-4626-9715-52acf4701868,"Exam paper leak ho gaya hai Hazaribagh mein, exams cancel hone chahiye. Fix it asap.",education,Hinglish
9ed3bbba-c496-4d6f-8f35-7d84b97436e1,Bribery is rampant in the Gumla RTO office for driving licenses.,public_admin,English
6c51a0d4-4295-4256-8759-c67400a35585,The local pond in Bokaro is completely dried up. Kripya dhyan de.,water,English
b25f5d49-9500-4d9c-958e-f87106bf7bc1,The local pond in Dhanbad is completely dried up. Kripya dhyan de.,water,English
726a7d60-ddad-4628-8f3b-d43ec90d6595,Construction of the Deoghar flyover has been stalled for 2 years. Urgent issue.,urban_development,English
dfa66a48-d590-44d0-b600-cd9fe3d6a25e,हमारे गांव Jamshedpur में अभी तक बिजली के खंभे नहीं लगे हैं।,energy,Hindi
d0485261-cdfb-41ee-8df4-750e5d1c9ff3,Frequent power cuts in Ranchi are affecting student studies.,energy,English
6417a493-07fa-4ed8-9cb7-8fc6eaa1678b,Solar panels installed in Ramgarh government building are defective.,energy,English
3b19d83e-246a-4e6a-b28c-c2bfd9cc9d02,Bribery is rampant in the Gumla RTO office for driving licenses. Koi dhyan de.,public_admin,English
82db8a60-e71c-4332-b500-3ec557f2c6c9,बिजली विभाग वाले Ranchi में लाइन ठीक करने नहीं आ रहे। Fix it asap.,energy,Hindi
fb3ffbc6-aab0-4768-832e-5b09f0630065,"Bokaro में मलेरिया तेजी से फैल रहा है, कोई रोकथाम नहीं है। Fix it asap.",healthcare,Hindi
8cdbac94-a559-4711-9973-e2ad07c4934c,Construction of the Deoghar flyover has been stalled for 2 years. Please help.,urban_development,English
3e7305a1-4837-4ed6-8316-5bee0a7befb8,High voltage ke karan Gumla mein logo ke TV jal gaye. Koi dhyan de.,energy,Hinglish
776f372c-7af9-4436-9140-21496883b541,Low voltage issue in Giridih is damaging water pumps.,energy,English
544e4528-91ca-423d-b2ec-f3bb9d379b27,Skill development center in Giridih has been closed down. Please help.,rural_livelihoods,English
7c936e38-f72a-49cf-86a7-aa8808674428,Blind tactile paths are broken on Jamshedpur footpaths.,accessibility,English
259b6d9e-92be-4dde-847e-43d570885391,Palamu में बिजली का बिल बहुत ज्यादा और गलत आ रहा है। Urgent issue.,energy,Hindi
3cc7a1af-ec82-4a3e-9af1-e94de75ecfd4,Need proper waste segregation systems in Giridih. Kripya dhyan de.,environment,English
10ba52c6-0aed-4460-9113-70e79f449b89,Street lights in Bokaro sector 4 are not working. Urgent issue.,energy,English
8b110fd7-1d95-4358-9791-bfb9992fabfc,हमारे मोहल्ले Gumla में पानी का प्रेशर बहुत कम है। Koi dhyan de.,water,Hindi
d50db3a6-0e2f-489d-ab9a-6d7d19b96e16,Jamshedpur में जल जीवन मिशन का काम अधूरा पड़ा है।,water,Hindi
3d64bc66-5ad0-49f8-9cd9-fa0551b0e905,Blind tactile paths are broken on Giridih footpaths. Urgent issue.,accessibility,English
e9136a6f-6d95-418f-b199-3afe022cfa3a,Teacher vacancy bahut zyada hai Hazaribagh district mein. Koi dhyan de.,education,Hinglish
1551729f-c603-4ae6-a792-6e249000e012,सरकारी अस्पताल Deoghar में डॉक्टर पैसे मांग रहे हैं।,healthcare,Hindi
1eb567cf-e612-4f47-8cce-12ddfb1bd685,Giridih park mein jhule tute hue hain aur kachra hai. Please help.,urban_development,Hinglish
11b6f7ea-57ff-4495-bbe9-ba945a5213ab,Frequent power cuts in Ramgarh are affecting student studies. Please help.,energy,English
61f1bcee-7651-49e1-95e9-a3cf719eb9ad,Bribery is rampant in the Jamshedpur RTO office for driving licenses. Fix it asap.,public_admin,English
214fbf50-31c6-45a2-b0ed-7bc9e9ac8bea,Deoghar ke hospital mein dawaiyan available nahi hain. Koi dhyan de.,healthcare,Hinglish
911ecea5-1899-4c92-9dc0-fccee8ae7df7,आवारा पशु Gumla में हमारी सारी फसल चर गए हैं। Urgent issue.,agriculture,Hindi
0095b829-a731-42d7-b6a6-d40b1b02c590,आवारा पशु Dhanbad में हमारी सारी फसल चर गए हैं। Koi dhyan de.,agriculture,Hindi
c9721bb4-1c01-4682-810a-fa850d38ebf3,Need audio signals at Dhanbad traffic lights for visually impaired. Fix it asap.,accessibility,English
e4e40afb-7c7a-497d-b331-24158862227b,"Ranchi में मलेरिया तेजी से फैल रहा है, कोई रोकथाम नहीं है। Koi dhyan de.",healthcare,Hindi
dfadc842-e573-473d-8b82-a0dea06f95f1,Need immediate dengue fogging in Hazaribagh as cases are rising. Please help.,healthcare,English
29c5b519-98c3-4a5c-8781-4ba8206b26a7,Skill development center in Hazaribagh has been closed down. Koi dhyan de.,rural_livelihoods,English
bd539e9e-8cc4-4be5-829e-a071f4c5324f,Air quality index in Giridih is hazardous due to construction dust. Please help.,environment,English
5af15708-3eaa-45d6-bdab-f5763f4317f3,Maternity ward in Jamshedpur is in unhygienic conditions. Koi dhyan de.,healthcare,English
33ef59be-2fde-4599-a656-852e9c22f73a,Jamshedpur ke hospital mein dawaiyan available nahi hain. Please help.,healthcare,Hinglish
97c2e163-7bc2-4d9b-8c35-1872c8f3d122,हमारे Dhanbad के स्कूल में पीने का पानी नहीं है। Koi dhyan de.,education,Hindi
e20a2750-2257-4701-8cac-4fdd83150dee,The primary health center in Giridih has no doctors on night duty.,healthcare,English
9fc7e62d-17c9-41f6-9f67-408fe59346d1,Fasal bima yojana ka paisa Gumla ke kisano ko nahi mila. Fix it asap.,agriculture,Hinglish
aa6d95bf-c819-4a51-93d5-70b559eb4636,Need immediate dengue fogging in Dhanbad as cases are rising.,healthcare,English
1c47e2d8-4db4-4f51-8078-8b0e824f071c,Fasal bima yojana ka paisa Ranchi ke kisano ko nahi mila. Please help.,agriculture,Hinglish
777b8314-978f-4bca-8037-b18f7166aa24,Tractor subsidy ka form reject ho gaya Deoghar office se.,agriculture,Hinglish
d9e1e8a0-9aa6-442e-81a7-6b5cfb262411,Minimum Support Price is not being offered at the Deoghar mandi. Koi dhyan de.,agriculture,English
3361e3d6-fad5-4e87-b884-04ea26266767,विकलांग प्रमाण पत्र बनवाने में Hazaribagh में बहुत दिक्कत आ रही है। Kripya dhyan de.,accessibility,Hindi
6eebed60-4ec4-4dba-aef1-4656498387f9,Bribery is rampant in the Jamshedpur RTO office for driving licenses.,public_admin,English
7e4437e1-5bfb-4386-bc09-0cedf103811b,Deoghar mein transformer jal gaya hai 3 din pehle. Kripya dhyan de.,energy,Hinglish
c23e8817-cb4b-48ad-8667-603a9f474191,Giridih mein MNREGA ke tahat 100 din ka kaam nahi mil raha.,rural_livelihoods,Hinglish
f9981b4f-5f1c-4e9d-8761-630d1f694994,Deoghar ke river mein chemicals dump kiye ja rahe hain.,environment,Hinglish
198309e4-930c-42d5-a048-30d37c548c6f,Need better citizen facilitation center in Gumla.,public_admin,English
7b91030a-069b-4e57-830e-90504c339e36,Crops in Jamshedpur are dying due to lack of irrigation canals.,agriculture,English
f6f607cd-db80-4c05-99fd-9da04007b4a9,"Ramgarh में बहुत ज्यादा पेड़ काटे जा रहे हैं, कोई रोक नहीं है।",environment,Hindi
06694c23-aa1c-4cac-a1fd-d77c5af2c268,Ramgarh park mein jhule tute hue hain aur kachra hai. Urgent issue.,urban_development,Hinglish
480fd4fb-5b6a-45d3-84c5-0c9548549369,Crops in Gumla are dying due to lack of irrigation canals. Kripya dhyan de.,agriculture,English
41cf3a70-7dd0-40c3-8958-4bd6a387367b,Bokaro की पानी की टंकी में गंदगी है और पानी बदबूदार आ रहा है। Koi dhyan de.,water,Hindi
611ccf0b-9930-4d4c-a689-274049157ec0,High voltage ke karan Bokaro mein logo ke TV jal gaye. Please help.,energy,Hinglish
42d1e986-217a-4418-a67b-f6dfdc083b56,Construction of the Jamshedpur flyover has been stalled for 2 years. Urgent issue.,urban_development,English
dd4d675e-f571-4a7c-a393-ebefdd20d1c9,Dhanbad mein sound pollution limit se cross ho gaya hai. Kripya dhyan de.,environment,Hinglish
6c2d5c4b-e07b-4238-a697-66fecedaece4,"Exam paper leak ho gaya hai Giridih mein, exams cancel hone chahiye. Kripya dhyan de.",education,Hinglish
eb3867d9-9586-4800-93c7-0a751eeeb23e,Palamu mein transformer jal gaya hai 3 din pehle.,energy,Hinglish
acf61feb-8dc5-42f0-b530-492aad29d8e3,"Bokaro mein drainage system block hai, sadak par pani bhara hai. Kripya dhyan de.",urban_development,Hinglish
6fae21c5-33a2-4548-8f22-b61992056e5a,"Hazaribagh में बहुत ज्यादा पेड़ काटे जा रहे हैं, कोई रोक नहीं है। Fix it asap.",environment,Hindi
175a53db-de67-43dc-a2c1-78b0e7b5f725,Need public toilets in the busy market area of Gumla. Please help.,urban_development,English
9a32e07a-2b8d-4279-a45e-973f1427af19,Blind tactile paths are broken on Ranchi footpaths. Koi dhyan de.,accessibility,English
7911a912-70ac-4d61-ac31-2f3fbb73a830,"Giridih में बहुत ज्यादा पेड़ काटे जा रहे हैं, कोई रोक नहीं है। Koi dhyan de.",environment,Hindi
e5236716-a80a-4cdc-9dbe-6efbbf6e7c1d,हमारे गांव Jamshedpur में अभी तक बिजली के खंभे नहीं लगे हैं। Please help.,energy,Hindi
82db1273-291d-4a10-abb4-2455ff1446e6,"Jamshedpur mein naya meter connection apply kiya tha, abhi tak nahi laga. Koi dhyan de.",energy,Hinglish
8ff81891-9354-4aad-9ff9-f8ee832aaefd,Factories in Dhanbad are releasing toxic smoke at night.,environment,English
8c979143-edaf-44cb-866c-cda0f8898ced,No ultrasound machine available in the Dhanbad district hospital. Fix it asap.,healthcare,English
051fa4be-c6d4-4f00-9f60-9b272cdcc4ae,Palamu ke government office mein disabled logo ke liye lift nahi hai. Koi dhyan de.,accessibility,Hinglish
25602db6-073f-46e0-801a-9341c7e08b5f,Gumla panchayat mein MNREGA ka payment ruka hua hai. Fix it asap.,public_admin,Hinglish
b5bf665f-f730-4137-b3fd-47b1ed0ba27c,"Bokaro में मलेरिया तेजी से फैल रहा है, कोई रोकथाम नहीं है।",healthcare,Hindi
d90ca68e-17e4-42b7-8942-9dbcad5885f8,Street lights in Jamshedpur sector 4 are not working. Kripya dhyan de.,energy,English
12a4587e-4d9d-4f97-8243-26b4899cd6f3,हमारे मोहल्ले Giridih में पानी का प्रेशर बहुत कम है। Kripya dhyan de.,water,Hindi
3b4b0686-abef-4486-a371-119ccf5d63c4,The primary health center in Palamu has no doctors on night duty. Kripya dhyan de.,healthcare,English
9fab5535-ea4c-4797-9436-0be9544ebea4,Maternity ward in Palamu is in unhygienic conditions. Please help.,healthcare,English
d6460b5b-5528-4616-827c-949a73341b75,Ranchi ke river mein chemicals dump kiye ja rahe hain.,environment,Hinglish
86b3deb8-0bdd-4e4c-8a1f-740be2c07d17,Giridih block office mein caste certificate banane mein bahut time lag raha hai. Kripya dhyan de.,public_admin,Hinglish
9ea4694b-2713-4eff-9055-336b55c78f3e,The local primary school in Ranchi has no roof and leaks during rain. Urgent issue.,education,English
d5b7fc6f-7561-4388-a4b5-4e46983d7233,The main road in Ranchi is full of potholes causing accidents. Urgent issue.,urban_development,English
32473539-cd8f-4d5b-a340-fa575c99f56e,Jamshedpur ke river mein chemicals dump kiye ja rahe hain. Please help.,environment,Hinglish
eec4f6aa-466b-4890-9895-3816aa2cdb43,Minimum Support Price is not being offered at the Ranchi mandi. Please help.,agriculture,English
2cd9f2ee-d04b-4ec7-8473-ca085e0a1043,Need better citizen facilitation center in Jamshedpur. Koi dhyan de.,public_admin,English
d8d1d501-eba2-4649-ac20-70dc68181eca,"विद्यालय का भवन बहुत जर्जर हालत में है Gumla में, कभी भी गिर सकता है। Urgent issue.",education,Hindi
d98177b2-4509-4214-88fe-68387f126e49,हमारे Dhanbad के स्कूल में पीने का पानी नहीं है। Koi dhyan de.,education,Hindi
de66fb76-684b-4bf0-8f1f-efbe77372f8a,Jamshedpur panchayat mein MNREGA ka payment ruka hua hai. Koi dhyan de.,public_admin,Hinglish
190c28c0-732e-4b29-a05c-e3889daa2c1d,Frequent power cuts in Gumla are affecting student studies. Kripya dhyan de.,energy,English
f2dab5aa-4fa5-491c-8719-1fa74d8a3148,Gumla hospital mein wheelchair available nahi hai. Urgent issue.,accessibility,Hinglish
1c5e6078-be86-47f5-98c8-b1633254d263,Plastic kachra Dhanbad ke park mein jala rahe hain. Urgent issue.,environment,Hinglish
c10b44b4-2328-4114-bb74-1c5b753b66e1,Bokaro ke river mein chemicals dump kiye ja rahe hain. Fix it asap.,environment,Hinglish
28814f1a-899c-4304-8179-4ad6109e1e84,Hazaribagh में कुटीर उद्योग लगाने के लिए कोई सरकारी सहायता नहीं मिल रही है।,rural_livelihoods,Hindi
e5f16c62-4263-4b6d-adfa-0d13a7bacdfa,Frequent power cuts in Jamshedpur are affecting student studies. Koi dhyan de.,energy,English
0b76650f-96fc-47a6-9001-d26fa800abde,Need public toilets in the busy market area of Jamshedpur. Fix it asap.,urban_development,English
5dcff445-8103-4f59-8a52-ed334cf3cd3a,Low voltage issue in Giridih is damaging water pumps. Kripya dhyan de.,energy,English
66e7d54b-1985-4e37-b377-dfe863d1c76f,Public buses in Bokaro are not accessible for differently-abled citizens. Kripya dhyan de.,accessibility,English
5f804b3b-e381-47cd-bbf2-16bd6f014693,Fasal bima yojana ka paisa Ramgarh ke kisano ko nahi mila. Urgent issue.,agriculture,Hinglish
c4e384ad-02e5-455b-a0b9-b7460e84667f,"Dhanbad में बहुत ज्यादा पेड़ काटे जा रहे हैं, कोई रोक नहीं है। Kripya dhyan de.",environment,Hindi
5c4ef827-5a7d-4bcc-92da-b93a0d4d626c,Palamu panchayat mein MNREGA ka payment ruka hua hai. Please help.,public_admin,Hinglish
8ddd6d04-f7b3-4347-a1af-ccedfc8a0832,Dhanbad mein handpump pichle 2 mahine se kharab hai.,water,Hinglish
8dac8245-b8d2-43af-8e02-714e40774bbb,बच्चों को Giridih में मिड-डे मील सही से नहीं मिल रहा है।,education,Hindi
aa5b0943-5793-40d2-9b34-14efea9e17b5,No drinking water supply in Ramgarh for the last 5 days. Urgent issue.,water,English
412ecef3-398d-48e3-8efb-eceb93d62abc,Online portal for Hazaribagh property tax is continuously crashing. Urgent issue.,public_admin,English
198df7b2-d238-43cf-81bf-5fcaaff41054,Deoghar में राशन कार्ड में नाम जुड़वाने के लिए पैसे मांगे जा रहे हैं। Koi dhyan de.,public_admin,Hindi
cea9cfa8-0b74-4f48-9069-704faecea7f0,Solar panels installed in Ranchi government building are defective.,energy,English
d74591ff-6c1b-4f38-b202-1e08f51951c0,हमारे गांव Ramgarh में अभी तक बिजली के खंभे नहीं लगे हैं। Kripya dhyan de.,energy,Hindi
fb51a6b3-1c9f-4df9-8524-abf3e38b297b,"Gumla में मलेरिया तेजी से फैल रहा है, कोई रोकथाम नहीं है। Koi dhyan de.",healthcare,Hindi
d95fa9ad-a197-4690-afb7-59a774f11d2b,Palamu के सरकारी बाबू बिना घूस के कोई फाइल पास नहीं करते। Koi dhyan de.,public_admin,Hindi
cc0fff83-a996-47f9-a67e-8451f11ed17b,Dhanbad में कुटीर उद्योग लगाने के लिए कोई सरकारी सहायता नहीं मिल रही है। Urgent issue.,rural_livelihoods,Hindi
27475d5d-aa81-4534-bdd2-e5e21858c878,स्मार्ट सिटी प्रोजेक्ट के तहत Jamshedpur में कोई काम नहीं हुआ। Koi dhyan de.,urban_development,Hindi
7424e64d-2d02-460c-ba76-13bca2e66ef7,Bokaro ke government office mein disabled logo ke liye lift nahi hai. Koi dhyan de.,accessibility,Hinglish
18dd66b3-1b8b-4936-8867-41b106edd296,High voltage ke karan Palamu mein logo ke TV jal gaye. Urgent issue.,energy,Hinglish
886e4458-14d0-4609-a06b-6a8bc36a1312,Hazaribagh में मूक-बधिर बच्चों के लिए विशेष स्कूल नहीं है। Urgent issue.,accessibility,Hindi
e7ef5d70-782b-4dc9-9362-2c72146737cb,No scholarships have been disbursed in Bokaro this year.,education,English
347e077b-7e5c-4d39-b067-f4ed5461dd2d,हमारे मोहल्ले Gumla में पानी का प्रेशर बहुत कम है।,water,Hindi
a1bc511d-1f6e-47da-aa59-52b21d3999ae,"विद्यालय का भवन बहुत जर्जर हालत में है Hazaribagh में, कभी भी गिर सकता है। Please help.",education,Hindi
f98341ae-0d80-443a-816f-a6a76648402e,Maternity ward in Hazaribagh is in unhygienic conditions. Urgent issue.,healthcare,English
3d53a511-f847-4a27-b858-a108d33c5c7e,Crops in Ranchi are dying due to lack of irrigation canals. Kripya dhyan de.,agriculture,English
cd697fb2-fafc-48a1-a984-18f82ff3a5b9,Giridih mein MNREGA ke tahat 100 din ka kaam nahi mil raha. Fix it asap.,rural_livelihoods,Hinglish
2cbc6874-fdd1-4e25-872a-e8cafcfd3bb9,Garbage collection truck does not visit Gumla regularly. Kripya dhyan de.,urban_development,English
0201cdd0-a5ee-4677-b050-f73f1124e7fd,High voltage ke karan Ramgarh mein logo ke TV jal gaye. Please help.,energy,Hinglish
b2634363-57df-4ca3-8b27-8bf0d9ecb949,Ayushman card Ranchi ke private hospital mein accept nahi kar rahe. Urgent issue.,healthcare,Hinglish
8bd280c0-02b3-4760-9e02-c69d567218d1,Blind tactile paths are broken on Gumla footpaths. Urgent issue.,accessibility,English
7e73d1d6-5964-4b93-9f8b-cf5c8eac32d4,Palamu में मुर्गी पालन के लिए सब्सिडी का पैसा नहीं आया।,rural_livelihoods,Hindi
b9de494d-a2b3-4021-93c4-339937517e1f,Need better citizen facilitation center in Hazaribagh.,public_admin,English
5b0728ed-5538-4900-a8de-0ca729607871,Jamshedpur के बस स्टैंड पर विकलांगों के लिए कोई सुविधा नहीं है।,accessibility,Hindi
1479a5f0-8edf-4588-bea3-cbd7b0641415,Jamshedpur mein transformer jal gaya hai 3 din pehle. Kripya dhyan de.,energy,Hinglish
eb5a399e-d26c-48b2-a9af-b4f2c1829579,Need immediate dengue fogging in Hazaribagh as cases are rising.,healthcare,English
c166e811-f59d-4b5b-8a5d-a225b1ee2d97,Jamshedpur तहसील कार्यालय में अधिकारी समय पर नहीं आते। Fix it asap.,public_admin,Hindi
5c0c3607-9e69-4e79-b590-cfdb6888c0dc,Dhanbad ke hospital mein dawaiyan available nahi hain. Koi dhyan de.,healthcare,Hinglish
47d16a90-eec1-49be-9fdc-d5eda7ddeaf6,बिजली विभाग वाले Ramgarh में लाइन ठीक करने नहीं आ रहे। Koi dhyan de.,energy,Hindi
b1679af6-5e3a-4d41-b423-ce7a177f0db2,"Deoghar के पास के जंगल में आग लग गई है, तुरंत बुझाएं। Fix it asap.",environment,Hindi
f00bc81b-d503-4d13-a393-bf13f7b996c6,Dhanbad ke hospital mein dawaiyan available nahi hain. Koi dhyan de.,healthcare,Hinglish
08e8cc77-4ef2-4ace-b91f-c5fd7cae15c4,Need soil testing lab in Giridih for better crop yield. Please help.,agriculture,English
0369978c-c7b6-4a1c-acd7-d675d6bcb53e,Maternity ward in Hazaribagh is in unhygienic conditions.,healthcare,English
755d45f4-86f1-47f4-87de-0ace02782385,Giridih ke gaon mein artisans ko unka saman bechne ka market nahi hai. Kripya dhyan de.,rural_livelihoods,Hinglish
4d7a80f8-77d6-439d-8db3-13a2e908e282,No drinking water supply in Dhanbad for the last 5 days.,water,English
33380ccc-f987-4e8e-86bd-48702e91c55d,Ranchi mein MNREGA ke tahat 100 din ka kaam nahi mil raha. Koi dhyan de.,rural_livelihoods,Hinglish
8b4666b2-e744-4621-b499-582e0139bd47,"Jamshedpur mein drainage system block hai, sadak par pani bhara hai. Koi dhyan de.",urban_development,Hinglish
70f62f59-c545-48cb-89ee-4812d0ab1b5a,Palamu block office mein caste certificate banane mein bahut time lag raha hai. Koi dhyan de.,public_admin,Hinglish
f5831d8b-53ae-4660-947b-10c9f0f1328d,आवारा पशु Jamshedpur में हमारी सारी फसल चर गए हैं। Please help.,agriculture,Hindi
df3552cb-d120-4379-972a-ab928d605686,Frequent power cuts in Giridih are affecting student studies.,energy,English
94865504-237e-447f-b5cd-d4f943628323,आवारा पशु Deoghar में हमारी सारी फसल चर गए हैं। Koi dhyan de.,agriculture,Hindi
e51b3c97-d20a-4b16-b926-e2ec78af559d,"Ramgarh में मलेरिया तेजी से फैल रहा है, कोई रोकथाम नहीं है। Koi dhyan de.",healthcare,Hindi
54e62128-b4dd-4447-8d92-dd320e10e244,"Exam paper leak ho gaya hai Gumla mein, exams cancel hone chahiye. Koi dhyan de.",education,Hinglish
4d75014e-2fdc-4415-9206-fbd9dc4d8ee4,Bokaro में जल जीवन मिशन का काम अधूरा पड़ा है।,water,Hindi
342a44a6-2ab7-416c-9506-ac15878702f0,"Bokaro में बहुत ज्यादा पेड़ काटे जा रहे हैं, कोई रोक नहीं है। Urgent issue.",environment,Hindi
c35d0109-af55-4f6d-bc11-14853c05a0ad,Divyang pension Ranchi mein time par nahi mil rahi hai. Fix it asap.,accessibility,Hinglish
beca34aa-0d0b-42d5-bfe0-ba9f068fc5cf,Bribery is rampant in the Gumla RTO office for driving licenses. Please help.,public_admin,English
445cd27c-92bf-4258-878c-e4a6868f6892,Bokaro ke river mein chemicals dump kiye ja rahe hain.,environment,Hinglish
b98a077b-fb1c-4332-b724-8283c9c26d6e,Bribery is rampant in the Hazaribagh RTO office for driving licenses. Urgent issue.,public_admin,English
e07cb490-875a-4da1-87a9-3baaa35fb58b,Divyang pension Bokaro mein time par nahi mil rahi hai. Urgent issue.,accessibility,Hinglish
393b89c4-0d3c-40a1-b37d-875c902dbfa0,Need audio signals at Ramgarh traffic lights for visually impaired. Koi dhyan de.,accessibility,English
e793e4d6-8372-424a-806e-f69bd9880d64,आवारा पशु Ranchi में हमारी सारी फसल चर गए हैं। Kripya dhyan de.,agriculture,Hindi
0243174e-cb0a-4815-9c91-ccd1f75d00ff,Bokaro panchayat mein MNREGA ka payment ruka hua hai. Please help.,public_admin,Hinglish
645b13c7-533e-414f-b28d-836ba8cc0e3a,High voltage ke karan Giridih mein logo ke TV jal gaye. Fix it asap.,energy,Hinglish
17fc1cc2-a243-4fec-9512-6e1a5b8396ac,Bokaro के अस्पताल में एंबुलेंस की सुविधा नहीं है। Urgent issue.,healthcare,Hindi
5014a394-07fd-477a-b618-8c28091c9aa5,Need immediate dengue fogging in Gumla as cases are rising. Fix it asap.,healthcare,English
352aefa6-c9cc-494b-ab7f-56528eb18824,Self-help groups in Hazaribagh are not receiving government funding. Kripya dhyan de.,rural_livelihoods,English
92b3d71d-4cb8-4ff8-8eb3-a28a6f1a97ff,Blind tactile paths are broken on Ranchi footpaths. Kripya dhyan de.,accessibility,English
9f9814bb-3029-4b21-9264-37b4c9c8e755,The main road in Bokaro is full of potholes causing accidents. Fix it asap.,urban_development,English
f12c1004-1686-453f-9c84-ae21b3f987ee,Palamu के अस्पताल में एंबुलेंस की सुविधा नहीं है। Kripya dhyan de.,healthcare,Hindi
6e860b01-6523-4039-8021-b41421f902ab,Women weavers in Ramgarh need micro-loans for purchasing looms. Koi dhyan de.,rural_livelihoods,English
6cdc9f56-6477-4865-a6aa-211f9840fd7b,"Giridih में कोल्ड स्टोरेज की सुविधा नहीं চরম है, सब्जियां खराब हो रही हैं। Please help.",agriculture,Hindi
f3e5b00a-6195-42c5-b63f-135f63f81f7b,Jamshedpur panchayat mein MNREGA ka payment ruka hua hai. Please help.,public_admin,Hinglish
b866fe4a-123b-4286-a882-04f01803e834,Crops in Palamu are dying due to lack of irrigation canals. Koi dhyan de.,agriculture,English
fd492e35-aa6d-4e32-8e78-275664fd6ddf,Construction of the Gumla flyover has been stalled for 2 years.,urban_development,English
5afeaa7f-0547-47c2-b5ea-7b0c57c01191,"Ranchi mein naya meter connection apply kiya tha, abhi tak nahi laga. Koi dhyan de.",energy,Hinglish
9bd2c927-03a1-4d67-8e8c-e3d34da05c00,No drinking water supply in Giridih for the last 5 days. Please help.,water,English
1b38cc4c-fe6e-4755-832c-b2627753b4f6,बच्चों को Bokaro में मिड-डे मील सही से नहीं मिल रहा है। Fix it asap.,education,Hindi
923515c6-1a26-4e56-b0ed-43b3d378cfd3,Jamshedpur mein naya borewell khudwane ki jarurat hai. Kripya dhyan de.,water,Hinglish
d2ed279a-3d3f-46c4-aa6d-10211a991020,हमारे Gumla के स्कूल में पीने का पानी नहीं है। Kripya dhyan de.,education,Hindi
9290b2bc-798c-4d64-9f46-96ea9e78a919,Dhanbad park mein jhule tute hue hain aur kachra hai. Please help.,urban_development,Hinglish
24a16e89-4612-4534-a7f2-1c19403ab108,बच्चों को Hazaribagh में मिड-डे मील सही से नहीं मिल रहा है। Urgent issue.,education,Hindi
d1f34107-e16c-4064-a852-f7731239b8ce,Need proper waste segregation systems in Bokaro.,environment,English
04aa2520-1f9f-4aff-918a-6965fb5e7d7c,Crops in Dhanbad are dying due to lack of irrigation canals. Kripya dhyan de.,agriculture,English
154d8bb5-7319-4744-866e-4116ce629700,Bribery is rampant in the Deoghar RTO office for driving licenses. Fix it asap.,public_admin,English
23a95a0d-c7c5-4cd5-845b-1259c064c61c,The local primary school in Palamu has no roof and leaks during rain. Koi dhyan de.,education,English
922f98c7-9974-4a00-9545-a7f5842960de,Online portal for Palamu property tax is continuously crashing. Please help.,public_admin,English
fd6ccf15-9fb7-493a-9b43-20098064869c,Deoghar के सरकारी बाबू बिना घूस के कोई फाइल पास नहीं करते। Please help.,public_admin,Hindi
f40a0b87-60ca-4ffc-a4fa-a4cc96880975,Tractor subsidy ka form reject ho gaya Bokaro office se.,agriculture,Hinglish
652d410f-aa86-4ca6-b148-b5bc57b4574c,Ayushman card Bokaro ke private hospital mein accept nahi kar rahe.,healthcare,Hinglish
1b11e4fb-73ab-4980-80a8-bf41306e63ec,Fluoride contamination in Gumla groundwater is causing health issues. Please help.,water,English
0650b514-a779-4e7c-a15f-6a5a1de7461b,Hazaribagh तहसील कार्यालय में अधिकारी समय पर नहीं आते। Fix it asap.,public_admin,Hindi
45b1e872-249f-4982-a38f-8ba87ed02459,"Pipeline is leaking near the main road in Ranchi, wasting water. Urgent issue.",water,English
72a8b587-8367-41a2-93ad-b1a2b3097262,Frequent power cuts in Ramgarh are affecting student studies. Please help.,energy,English
4fb65328-f518-4bf7-8530-30bf0935011b,"Giridih में सीवर लाइन का ढक्कन खुला है, खतरा है। Please help.",urban_development,Hindi
7db3e5e4-af12-40cf-a0fd-c5ad7bd3fa27,हमारे मोहल्ले Ranchi में पानी का प्रेशर बहुत कम है। Urgent issue.,water,Hindi
8dd3b6ed-f59d-4e6e-904c-5870a8c1d749,"Dhanbad में कोल्ड स्टोरेज की सुविधा नहीं চরম है, सब्जियां खराब हो रही हैं। Urgent issue.",agriculture,Hindi
f790c767-a1d2-4e4b-b83b-6fdd34bc738e,The local pond in Gumla is completely dried up. Koi dhyan de.,water,English
2aa7b6fe-617b-4d20-a5e5-d60a0fbaa681,Deoghar mein handpump pichle 2 mahine se kharab hai. Please help.,water,Hinglish
a369693a-1460-444e-b204-205147e251b7,Construction of the Bokaro flyover has been stalled for 2 years. Please help.,urban_development,English
fcf26e38-3514-4596-90e1-b721e259573c,Need better citizen facilitation center in Hazaribagh.,public_admin,English
b3efb9c4-7505-4cae-8ff6-8419e769ce1d,Skill development center in Bokaro has been closed down. Kripya dhyan de.,rural_livelihoods,English
4a7cc2ff-f342-4c31-9498-2a8926fcd6f6,आवारा पशु Giridih में हमारी सारी फसल चर गए हैं। Urgent issue.,agriculture,Hindi
de02f8dc-0914-47ad-bb4b-50ddb9a8dcc0,हमारे Ranchi के स्कूल में पीने का पानी नहीं है। Please help.,education,Hindi
f76812d7-02aa-44d6-8461-3be2257d25bf,Jamshedpur ke gaon mein artisans ko unka saman bechne ka market nahi hai. Kripya dhyan de.,rural_livelihoods,Hinglish
4b5b0aaa-bb1e-4680-9ab4-1014c2cafdc9,"Dhanbad में बहुत ज्यादा पेड़ काटे जा रहे हैं, कोई रोक नहीं है। Please help.",environment,Hindi
43d81df6-2c66-4652-a529-7a4f0e4b981e,Palamu mein naya borewell khudwane ki jarurat hai. Urgent issue.,water,Hinglish
6c972dc1-8f5e-4ffa-9932-e436b59ace19,Tractor subsidy ka form reject ho gaya Hazaribagh office se. Urgent issue.,agriculture,Hinglish
02c32a37-f47c-45a8-b895-cb2e3017b321,Solar panels installed in Bokaro government building are defective.,energy,English
faff2a16-ef62-433d-aa64-fd8803270b54,Ramgarh में जल जीवन मिशन का काम अधूरा पड़ा है। Kripya dhyan de.,water,Hindi
5b10fbe1-10e9-49a9-9157-3d1272b76b5c,Public buses in Ranchi are not accessible for differently-abled citizens. Urgent issue.,accessibility,English
d5e38848-2449-4f74-97c5-05a9fbd6f59f,आवारा पशु Deoghar में हमारी सारी फसल चर गए हैं।,agriculture,Hindi
9d5a8afb-56ab-4769-b5a8-9e01c09f26e9,No wheelchair ramp available at the Jamshedpur railway station. Urgent issue.,accessibility,English
f01761f4-6cd6-4217-9a24-5d586db25510,Garbage collection truck does not visit Ranchi regularly.,urban_development,English
ab1754df-9dd9-4616-94ba-93e255df0e95,Factories in Jamshedpur are releasing toxic smoke at night. Kripya dhyan de.,environment,English
c461d825-179c-43be-a41d-d3771369b2e0,Skill development center in Gumla has been closed down. Please help.,rural_livelihoods,English
87c7a1fe-ecf2-4cde-973a-a16221b5e402,Need better library facilities in our government college at Palamu. Koi dhyan de.,education,English
02e4b156-f07c-4999-98eb-a9428ba42a2b,Palamu block office mein caste certificate banane mein bahut time lag raha hai. Urgent issue.,public_admin,Hinglish
5ee2d622-3ad8-4df0-8a6f-5b11674e61ca,Unseasonal rains have destroyed wheat crops in Jamshedpur. Urgent issue.,agriculture,English
6cb2b97e-7cab-4b52-a23d-38658a8cd5ca,Jamshedpur mein handpump pichle 2 mahine se kharab hai. Urgent issue.,water,Hinglish
7be59411-48eb-4631-9629-278f7336247c,Deoghar में जल जीवन मिशन का काम अधूरा पड़ा है। Kripya dhyan de.,water,Hindi
89d7642c-f455-4ba5-aa37-81c46092def6,Covid vaccination center Hazaribagh mein band pada hai. Fix it asap.,healthcare,Hinglish
c67ad777-0026-479b-8aac-f121b398edad,The local pond in Jamshedpur is completely dried up. Fix it asap.,water,English
d6c0f286-7d8d-4a68-b563-1ced03b72604,The main road in Giridih is full of potholes causing accidents. Koi dhyan de.,urban_development,English
28ef91e4-25b0-480a-8c80-3472faccf081,Tractor subsidy ka form reject ho gaya Ranchi office se. Fix it asap.,agriculture,Hinglish
7a9c7d6f-fe0b-4a64-8382-92f62786400e,Water tanker Giridih mein nahi aa raha hai. Kripya dhyan de.,water,Hinglish
8049a211-7a91-4ac2-89ab-279e79940279,"Ramgarh mein drainage system block hai, sadak par pani bhara hai. Urgent issue.",urban_development,Hinglish
900c059c-d584-4a04-8598-5691448e1337,Bokaro mein naya borewell khudwane ki jarurat hai.,water,Hinglish
3abfcf86-623b-4d97-b58c-4e58c3dde549,Need modern dairy farming training programs in Hazaribagh. Please help.,rural_livelihoods,English
0a64d128-50d5-47c8-9166-267d91bf0765,The primary health center in Dhanbad has no doctors on night duty. Please help.,healthcare,English
bfcb0bfb-e71d-4bd8-a261-a3df57e78679,Need better library facilities in our government college at Bokaro. Fix it asap.,education,English
4dfffa17-d59f-413f-9cf8-2e5869497bc3,हमारे गांव Bokaro में अभी तक बिजली के खंभे नहीं लगे हैं। Urgent issue.,energy,Hindi
41cadbdd-b692-4d0a-95a8-e1d2f26fb024,Ramgarh School mein teacher nahi aate hain pichle ek mahine se. Koi dhyan de.,education,Hinglish
6f4028ce-60e1-42c8-976e-8db67bd80be8,Hazaribagh mein parking ki suvidha nahi hone se traffic jam hota hai. Please help.,urban_development,Hinglish
921a7705-405a-462b-8139-623e87894ac4,Need proper waste segregation systems in Hazaribagh. Koi dhyan de.,environment,English
dd27df83-38e2-48e6-bdc5-f74424f90b94,Ramgarh में मूक-बधिर बच्चों के लिए विशेष स्कूल नहीं है। Kripya dhyan de.,accessibility,Hindi
e3a9e608-d0ae-40dd-b6d3-e91a02d7bfd9,Ranchi तहसील कार्यालय में अधिकारी समय पर नहीं आते। Fix it asap.,public_admin,Hindi
4a4c1f7b-1e24-49a5-b983-5f17fb3ad54c,Solar panels installed in Jamshedpur government building are defective. Koi dhyan de.,energy,English
390e1ca5-9a83-4c8d-a1cf-2b7a440d471f,Maternity ward in Ramgarh is in unhygienic conditions. Kripya dhyan de.,healthcare,English
ef8641f4-89ef-4b1f-b86a-88513c64ec43,Low voltage issue in Gumla is damaging water pumps. Please help.,energy,English
35c22fa7-3424-4bc0-ba96-86e7c186d658,पहाड़ों पर Dhanbad में अवैध खनन हो रहा है।,environment,Hindi
f7679c19-c4fb-4584-aeb2-3b1ad9fb5ea8,Need better citizen facilitation center in Giridih. Urgent issue.,public_admin,English
b9d18a04-784e-495b-ae34-531cfbc06267,Hazaribagh की पानी की टंकी में गंदगी है और पानी बदबूदार आ रहा है। Please help.,water,Hindi
b7bc7f1c-41f9-4e11-ada1-ff9c130720ba,Construction of the Gumla flyover has been stalled for 2 years. Fix it asap.,urban_development,English
12628576-7599-4e35-b72d-2b9f730c2221,Bribery is rampant in the Palamu RTO office for driving licenses.,public_admin,English
642aa3e1-254f-4a65-9a9b-425123158cc0,No ultrasound machine available in the Ranchi district hospital.,healthcare,English
ea57b44c-f49f-417f-8c0d-b7da6ef8252d,Construction of the Giridih flyover has been stalled for 2 years. Urgent issue.,urban_development,English
2656e8cf-61ec-4aa5-85f9-7d8a516855e1,High voltage ke karan Hazaribagh mein logo ke TV jal gaye. Koi dhyan de.,energy,Hinglish
487fbbf0-ef35-4cd6-aed9-d9e3eb9e4f86,Need public toilets in the busy market area of Palamu. Please help.,urban_development,English
195e61f2-fdb2-4df4-823f-8546c7cd69b2,Fasal bima yojana ka paisa Dhanbad ke kisano ko nahi mila. Koi dhyan de.,agriculture,Hinglish
13c4ec9d-dc9d-4ae5-be8b-b76708b8d674,Hazaribagh mein MNREGA ke tahat 100 din ka kaam nahi mil raha. Please help.,rural_livelihoods,Hinglish
fb30e31a-bd1d-4a18-b2bd-a5d369c79e0a,Giridih School mein teacher nahi aate hain pichle ek mahine se. Koi dhyan de.,education,Hinglish
6611d0a8-1ba3-4fd6-a21b-577077be8fcc,No drinking water supply in Ranchi for the last 5 days. Urgent issue.,water,English
935242c8-7131-423a-8a50-39889ebcee73,Deoghar में राशन कार्ड में नाम जुड़वाने के लिए पैसे मांगे जा रहे हैं। Urgent issue.,public_admin,Hindi
32ab2070-82b8-45da-8113-9bed11b8a944,विकलांग प्रमाण पत्र बनवाने में Bokaro में बहुत दिक्कत आ रही है। Kripya dhyan de.,accessibility,Hindi
88afca90-584b-407a-8eca-34712033220e,Hazaribagh की पानी की टंकी में गंदगी है और पानी बदबूदार आ रहा है। Please help.,water,Hindi
a54984b1-66a6-4770-9e26-590b7335c221,Need proper waste segregation systems in Ramgarh. Please help.,environment,English
173d26e6-c6fa-40c9-a239-69d83ed2a095,Garbage collection truck does not visit Deoghar regularly.,urban_development,English
a7f1881f-f61f-4be9-9918-956dce8f343e,"Pipeline is leaking near the main road in Jamshedpur, wasting water. Kripya dhyan de.",water,English
0fb199cf-cb75-4ad4-9e3f-54a509b6575c,Frequent power cuts in Giridih are affecting student studies. Urgent issue.,energy,English
9ec87f76-4f3d-4080-92a0-349bb5e498ec,Covid vaccination center Hazaribagh mein band pada hai. Please help.,healthcare,Hinglish
0d4da1a7-b95d-44e6-95f4-f24c77793a53,Teacher vacancy bahut zyada hai Giridih district mein. Koi dhyan de.,education,Hinglish
45ed45d5-7b36-4c99-af47-36369397af23,Jamshedpur panchayat mein MNREGA ka payment ruka hua hai. Urgent issue.,public_admin,Hinglish
781be612-c329-4b40-9c78-71d7d137d563,The local pond in Jamshedpur is completely dried up. Urgent issue.,water,English
7d5b6375-7eaa-4832-8189-37a1284c4e14,Frequent power cuts in Dhanbad are affecting student studies.,energy,English
fea3ff73-d7d6-463d-af76-79b26c74a465,सरकारी अस्पताल Jamshedpur में डॉक्टर पैसे मांग रहे हैं। Koi dhyan de.,healthcare,Hindi
83a48cbe-19a5-4cbb-a579-9b92eb26dd5b,Dhanbad School mein teacher nahi aate hain pichle ek mahine se.,education,Hinglish
f8460ece-f359-4d9a-ad84-c33b493cec10,Gumla में कुटीर उद्योग लगाने के लिए कोई सरकारी सहायता नहीं मिल रही है।,rural_livelihoods,Hindi
20d265d0-c748-4b50-be8d-9967fe3e8857,Street lights in Ranchi sector 4 are not working.,energy,English
bcbcedf1-d10d-4604-9290-1e7bd3ac0f77,Hazaribagh hospital mein wheelchair available nahi hai. Please help.,accessibility,Hinglish
458d489e-275a-4c36-8438-566b22400a80,"Deoghar में बहुत ज्यादा पेड़ काटे जा रहे हैं, कोई रोक नहीं है।",environment,Hindi
2106a6f6-e48e-45d9-a819-e10cda5ad34f,Jamshedpur mein MNREGA ke tahat 100 din ka kaam nahi mil raha. Urgent issue.,rural_livelihoods,Hinglish
4fa3fe73-030b-4442-81b0-3cd499168941,Factories in Dhanbad are releasing toxic smoke at night.,environment,English
c8c3d166-06e6-48e6-841a-6150ae95c773,"Ranchi में सीवर लाइन का ढक्कन खुला है, खतरा है। Urgent issue.",urban_development,Hindi
f01c1e70-203d-468c-aa12-8f73ff3a6e72,"Hazaribagh mein drainage system block hai, sadak par pani bhara hai. Fix it asap.",urban_development,Hinglish
216616ad-4e4c-42d9-84dd-fca91ca39e87,The local primary school in Bokaro has no roof and leaks during rain. Please help.,education,English
ed627932-ec15-42cd-b5b0-e0a67fc09099,बिजली विभाग वाले Giridih में लाइन ठीक करने नहीं आ रहे। Urgent issue.,energy,Hindi
fb5b2848-ecd0-4ada-81b1-20eeaa824ba2,Kisan credit card ka loan maaf nahi hua Giridih mein. Fix it asap.,agriculture,Hinglish
d4b75a45-78b1-4c78-96b5-4a58ee17b516,बिजली विभाग वाले Ranchi में लाइन ठीक करने नहीं आ रहे। Urgent issue.,energy,Hindi
89e51501-7211-4388-8c6c-b3ced59ff669,Kisan credit card ka loan maaf nahi hua Palamu mein.,agriculture,Hinglish
73c74917-55b2-4c67-9d3a-9d08ba2849bb,"Jamshedpur के पास के जंगल में आग लग गई है, तुरंत बुझाएं।",environment,Hindi
e2a49095-fca5-49a3-9d6e-4ef878be7879,Need audio signals at Ramgarh traffic lights for visually impaired. Please help.,accessibility,English
eb1f9918-9871-4478-8bf4-2357509bcb56,"Bokaro mein naya meter connection apply kiya tha, abhi tak nahi laga. Kripya dhyan de.",energy,Hinglish
9a6da054-d857-4a87-bb2e-3e0e81b806c9,Air quality index in Jamshedpur is hazardous due to construction dust.,environment,English
00ab3850-7f31-4a60-8848-b9c2db45b4f3,विकलांग प्रमाण पत्र बनवाने में Ranchi में बहुत दिक्कत आ रही है। Koi dhyan de.,accessibility,Hindi
0af4053b-76fa-49d7-a4ec-4ae19ce662e0,"Dhanbad में कोल्ड स्टोरेज की सुविधा नहीं চরম है, सब्जियां खराब हो रही हैं। Please help.",agriculture,Hindi
3026e036-7f34-48c0-9821-f03af8e143af,Lack of computer labs in the Palamu high school is affecting students. Please help.,education,English
754f7705-edbd-43ba-9f5a-2758b8464895,Public buses in Ramgarh are not accessible for differently-abled citizens. Please help.,accessibility,English
f122ca66-a138-44d7-a459-7c9407c59ff4,"Exam paper leak ho gaya hai Deoghar mein, exams cancel hone chahiye. Kripya dhyan de.",education,Hinglish
2b7bfc39-7b59-433f-92c4-8ea9eea29d2f,Jamshedpur ke gaon mein artisans ko unka saman bechne ka market nahi hai. Fix it asap.,rural_livelihoods,Hinglish
08781e49-2505-4049-a5fd-7ff496334d30,हमारे Bokaro के स्कूल में पीने का पानी नहीं है। Kripya dhyan de.,education,Hindi
652ba3ff-5ee5-49ae-ae75-62b21bcbec14,"Deoghar में बहुत ज्यादा पेड़ काटे जा रहे हैं, कोई रोक नहीं है। Koi dhyan de.",environment,Hindi
7fcf1dd2-1079-4438-92e5-f38606b25711,Need modern dairy farming training programs in Giridih. Koi dhyan de.,rural_livelihoods,English
a543e22a-146a-41a1-a2f7-53fc8c339433,Hazaribagh में राशन कार्ड में नाम जुड़वाने के लिए पैसे मांगे जा रहे हैं। Koi dhyan de.,public_admin,Hindi
f859db4a-5b6a-489f-8770-f4f256c319cd,Crops in Dhanbad are dying due to lack of irrigation canals. Kripya dhyan de.,agriculture,English
ce8d4e2b-e172-4c02-b723-260000642960,"Exam paper leak ho gaya hai Hazaribagh mein, exams cancel hone chahiye. Koi dhyan de.",education,Hinglish
fd49fe15-c168-4574-83f6-bb8d3821151d,The main road in Ranchi is full of potholes causing accidents. Please help.,urban_development,English
8f6a6282-32d0-4d4e-912b-77a5c25de24b,Divyang pension Ramgarh mein time par nahi mil rahi hai. Koi dhyan de.,accessibility,Hinglish
6833495c-6f48-491d-829a-129e87414ab4,Public buses in Hazaribagh are not accessible for differently-abled citizens. Koi dhyan de.,accessibility,English
48b99e9b-fdfe-4dde-9b03-fffb2dbd5189,Need better library facilities in our government college at Giridih. Kripya dhyan de.,education,English
53e3c774-5f1b-4223-8659-219f7eee863e,Deoghar park mein jhule tute hue hain aur kachra hai. Urgent issue.,urban_development,Hinglish
dd981523-3591-48b6-9680-dd437d5e3b40,No scholarships have been disbursed in Ramgarh this year. Kripya dhyan de.,education,English
003ef85e-1461-4471-9291-ae56aa94dc9a,Self-help groups in Jamshedpur are not receiving government funding. Koi dhyan de.,rural_livelihoods,English
d83f7ba5-77e7-47ca-afab-5309d6240c1a,Online portal for Bokaro property tax is continuously crashing. Fix it asap.,public_admin,English
fcd2f749-6e30-4174-a725-7cbce7895073,Need better citizen facilitation center in Deoghar. Urgent issue.,public_admin,English
6d90e3c3-0657-4ec8-8c44-df753f0b7bdb,Tractor subsidy ka form reject ho gaya Ranchi office se.,agriculture,Hinglish
84a07d05-4f62-4a0b-95c9-d8339139274c,Hazaribagh ke government office mein disabled logo ke liye lift nahi hai. Koi dhyan de.,accessibility,Hinglish
c902287f-b36d-4bb3-b8c7-1158d7f4e710,Bokaro में अवैध अतिक्रमण के कारण सड़क जाम रहती है। Kripya dhyan de.,urban_development,Hindi
db1887eb-63b9-4e17-9940-abf0ca2a3ab8,Ramgarh में कुटीर उद्योग लगाने के लिए कोई सरकारी सहायता नहीं मिल रही है। Urgent issue.,rural_livelihoods,Hindi
d66b06fd-92ce-4793-8c42-907708a3f33e,Divyang pension Ramgarh mein time par nahi mil rahi hai. Koi dhyan de.,accessibility,Hinglish
257169ec-2299-4f97-8d27-1e3084734c6e,Ramgarh hospital mein wheelchair available nahi hai. Please help.,accessibility,Hinglish
c8b476df-176d-403d-a471-e7ae415e539d,Jamshedpur mein forest produce ka sahi daam nahi mil raha adivasiyon ko. Please help.,rural_livelihoods,Hinglish
9973aaba-7e8c-4b76-95d1-f3d4f5e4f014,सरकारी अस्पताल Ranchi में डॉक्टर पैसे मांग रहे हैं।,healthcare,Hindi
5dccdb1b-fd36-4ef7-87de-e1570ae7153d,"Ramgarh mein drainage system block hai, sadak par pani bhara hai. Kripya dhyan de.",urban_development,Hinglish
dd17d82b-ff2c-4452-aaff-5888ad32d401,Dhanbad में जल जीवन मिशन का काम अधूरा पड़ा है। Kripya dhyan de.,water,Hindi
544927dd-652b-49d9-a9a2-1af8167ad05f,"Hazaribagh mein drainage system block hai, sadak par pani bhara hai. Koi dhyan de.",urban_development,Hinglish
70ebd43f-937b-441f-b912-0c4f2b71cccf,Divyang pension Jamshedpur mein time par nahi mil rahi hai. Kripya dhyan de.,accessibility,Hinglish
ea700ae6-1585-462a-baea-80c8faf094ff,विकलांग प्रमाण पत्र बनवाने में Jamshedpur में बहुत दिक्कत आ रही है। Please help.,accessibility,Hindi
57b544c8-c37e-4ddb-aacc-b988dbdc1dd2,Ramgarh School mein teacher nahi aate hain pichle ek mahine se. Koi dhyan de.,education,Hinglish
b92107c7-e488-4751-86fc-ba4ac10497df,Ramgarh School mein teacher nahi aate hain pichle ek mahine se.,education,Hinglish
d1c1852f-ef32-433c-ae20-45a0692bf291,गांव Palamu से लोग रोजगार की तलाश में पलायन कर रहे हैं।,rural_livelihoods,Hindi
ae461b55-463a-41da-bb3b-eb977ed9ea52,Palamu panchayat mein MNREGA ka payment ruka hua hai. Urgent issue.,public_admin,Hinglish
bd1a27a2-514f-49d5-bf83-c0417d5332a6,Street lights in Hazaribagh sector 4 are not working. Koi dhyan de.,energy,English
b0417b7b-e825-49f2-8097-7b335d60efe8,"Palamu mein naya meter connection apply kiya tha, abhi tak nahi laga. Fix it asap.",energy,Hinglish
70f526f4-279c-49da-9e58-8bc0ad17c3db,Ayushman card Dhanbad ke private hospital mein accept nahi kar rahe. Please help.,healthcare,Hinglish
353d8328-efb0-4b26-8b97-8ba10b828b79,Dhanbad के अस्पताल में एंबुलेंस की सुविधा नहीं है। Fix it asap.,healthcare,Hindi
d2c6f5f1-a484-4d40-8efd-bb0e2639acf0,"Pipeline is leaking near the main road in Deoghar, wasting water. Kripya dhyan de.",water,English
d8ded9c7-1afe-425c-b57f-dbfee547fac7,Ramgarh mein parking ki suvidha nahi hone se traffic jam hota hai.,urban_development,Hinglish
1a912c0e-d1fa-49a8-8cbf-a2daaddc0ada,Dhanbad ke government office mein disabled logo ke liye lift nahi hai. Kripya dhyan de.,accessibility,Hinglish
6f3950fc-3887-4003-93cc-cbb6bb357583,Need soil testing lab in Palamu for better crop yield. Kripya dhyan de.,agriculture,English
68ce7a12-2efb-4f4d-85af-0658b501fade,Self-help groups in Bokaro are not receiving government funding. Urgent issue.,rural_livelihoods,English
e5773fe5-1bfb-4023-ab96-4bbaa261c812,Need soil testing lab in Bokaro for better crop yield. Urgent issue.,agriculture,English
9b7bbe42-8149-4f88-901a-166800dbe6e0,Street lights in Ranchi sector 4 are not working. Fix it asap.,energy,English
b6600691-c0d3-4a4d-a19b-9c4daa834dfb,"Deoghar में कोल्ड स्टोरेज की सुविधा नहीं চরম है, सब्जियां खराब हो रही हैं। Kripya dhyan de.",agriculture,Hindi
88b3f214-26a3-44a4-aa48-55c2fc1b9d97,बच्चों को Gumla में मिड-डे मील सही से नहीं मिल रहा है। Kripya dhyan de.,education,Hindi
ec27ff0b-d807-4d6c-aebf-f29433bf86bc,Deoghar में बिजली का बिल बहुत ज्यादा और गलत आ रहा है। Urgent issue.,energy,Hindi
dd0edc3a-f6be-43ad-bad8-cd78552965fa,Ayushman card Deoghar ke private hospital mein accept nahi kar rahe. Koi dhyan de.,healthcare,Hinglish
7bb0995c-5664-4b92-8d9f-a230219c97e2,Ramgarh में अवैध अतिक्रमण के कारण सड़क जाम रहती है। Please help.,urban_development,Hindi
a683792c-9dbb-4fab-808f-3910798e71ef,गांव Bokaro से लोग रोजगार की तलाश में पलायन कर रहे हैं। Urgent issue.,rural_livelihoods,Hindi
7fe5b776-7c9b-4dfd-95e7-18f84d6b181c,Ramgarh के बस स्टैंड पर विकलांगों के लिए कोई सुविधा नहीं है। Fix it asap.,accessibility,Hindi
f0ee0dbd-c504-4149-8042-0d2da7da0af8,आवारा पशु Hazaribagh में हमारी सारी फसल चर गए हैं। Kripya dhyan de.,agriculture,Hindi
935ced80-2650-4535-9b22-f3f28ba56dba,Police verification ke liye Gumla thane mein pareshan kiya ja raha hai. Fix it asap.,public_admin,Hinglish
13d00184-5ba9-4bdd-99e0-3d62cf12bc53,Public buses in Bokaro are not accessible for differently-abled citizens.,accessibility,English
5a9d2570-7f76-4246-ac4d-665fd38d9796,Jamshedpur park mein jhule tute hue hain aur kachra hai. Koi dhyan de.,urban_development,Hinglish
5c6780bc-3b88-4493-a558-a9b7c9a81ee9,Grievance cell phone numbers for Bokaro municipality are always switched off. Fix it asap.,public_admin,English
09e1cb65-875a-499e-b0eb-2081ac07d496,Water tanker Giridih mein nahi aa raha hai. Urgent issue.,water,Hinglish
a2a6f0fe-a332-4a92-b1e8-25628ade35fb,Dhanbad के अस्पताल में एंबुलेंस की सुविधा नहीं है। Kripya dhyan de.,healthcare,Hindi
35eea90c-97f8-4ccf-8826-a9481b13c6cf,Online portal for Hazaribagh property tax is continuously crashing. Please help.,public_admin,English
b89b711b-82a3-4b0e-bbd2-59a7159baacd,Divyang pension Jamshedpur mein time par nahi mil rahi hai.,accessibility,Hinglish
46d8d577-f4ce-4401-a1b8-eea8fc06c3ae,Dhanbad तहसील कार्यालय में अधिकारी समय पर नहीं आते। Fix it asap.,public_admin,Hindi
026edda2-ea8f-4a28-aabb-2a75d24beccb,Covid vaccination center Dhanbad mein band pada hai. Kripya dhyan de.,healthcare,Hinglish
efa6e02c-1c2c-4f26-8e3a-61bbec3b3198,Hazaribagh park mein jhule tute hue hain aur kachra hai. Koi dhyan de.,urban_development,Hinglish
49e59148-b3fb-472a-965e-b7fac8786958,Palamu ke river mein chemicals dump kiye ja rahe hain.,environment,Hinglish
e1c3e5bf-2bc8-48aa-b0ed-969c9baaa84f,Deoghar block office mein caste certificate banane mein bahut time lag raha hai. Kripya dhyan de.,public_admin,Hinglish
147c88e3-ae07-4166-a320-c8e6b2649318,Gumla के अस्पताल में एंबुलेंस की सुविधा नहीं है। Kripya dhyan de.,healthcare,Hindi
a32eaebe-0246-42a3-bcd0-fd1453737d00,Unseasonal rains have destroyed wheat crops in Palamu. Please help.,agriculture,English
ab452526-d2d1-42ec-a6ef-d252bcf786e8,Need better library facilities in our government college at Jamshedpur. Kripya dhyan de.,education,English
ee434d4c-b7c3-45b8-ae26-f55fb2b7a493,Tractor subsidy ka form reject ho gaya Jamshedpur office se. Kripya dhyan de.,agriculture,Hinglish
0b942cdc-6145-497b-b7cd-67a340c12254,Garbage collection truck does not visit Jamshedpur regularly. Urgent issue.,urban_development,English
6d710b19-f2c4-4d2f-a8f2-6894e49cfd3b,Bokaro park mein jhule tute hue hain aur kachra hai. Fix it asap.,urban_development,Hinglish
852b54ca-61c1-490e-8fa0-5e8d7f00c6cb,स्मार्ट सिटी प्रोजेक्ट के तहत Gumla में कोई काम नहीं हुआ।,urban_development,Hindi
ea4b05fd-3331-4731-9b92-9277d41701f1,Dhanbad ke government office mein disabled logo ke liye lift nahi hai. Koi dhyan de.,accessibility,Hinglish
57e5c0f2-5e37-4f38-b934-bcb57d546407,Palamu block office mein caste certificate banane mein bahut time lag raha hai. Please help.,public_admin,Hinglish
0625684c-729d-4983-862c-f9843827da9f,Need better library facilities in our government college at Ramgarh. Kripya dhyan de.,education,English
5d673db7-6d0b-4f5f-ac5f-674ae5f48862,"Exam paper leak ho gaya hai Dhanbad mein, exams cancel hone chahiye.",education,Hinglish
ca6b6dd6-abfa-4fe5-a1bc-8bfabd068aa8,Ayushman card Ramgarh ke private hospital mein accept nahi kar rahe. Urgent issue.,healthcare,Hinglish
c6858609-efa1-468b-98f0-1ba51144f965,Need immediate dengue fogging in Giridih as cases are rising.,healthcare,English
84aa6949-bd23-42ef-b490-d4df5e262014,Dhanbad School mein teacher nahi aate hain pichle ek mahine se. Kripya dhyan de.,education,Hinglish
5a485169-99b5-481b-96d2-ec4d68c2b8b5,Dhanbad तहसील कार्यालय में अधिकारी समय पर नहीं आते।,public_admin,Hindi
844e2163-2a56-4994-a2f1-5003aeaf4e31,The local primary school in Palamu has no roof and leaks during rain. Koi dhyan de.,education,English
ac56abc6-b3c2-4701-b844-49c7cba23634,"Jamshedpur में कोल्ड स्टोरेज की सुविधा नहीं চরম है, सब्जियां खराब हो रही हैं। Urgent issue.",agriculture,Hindi
7ed25718-1956-473b-87a6-c486e2ba9e10,The local pond in Bokaro is completely dried up. Please help.,water,English
6dca1f28-5b31-4a61-aff3-3f6cef237ae9,Need proper waste segregation systems in Ranchi. Fix it asap.,environment,English
20dd832c-ebee-4699-8d19-c491ed44d094,Need audio signals at Ramgarh traffic lights for visually impaired. Kripya dhyan de.,accessibility,English
41e06e8e-8ce5-4663-9807-ba3e751625bf,हमारे गांव Palamu में अभी तक बिजली के खंभे नहीं लगे हैं। Koi dhyan de.,energy,Hindi
7c320265-6e69-43c0-aa9d-6daffc1b1e40,आवारा पशु Dhanbad में हमारी सारी फसल चर गए हैं। Kripya dhyan de.,agriculture,Hindi
70d715f2-4366-4fbb-a714-39a7fd76985f,"Bokaro mein drainage system block hai, sadak par pani bhara hai. Kripya dhyan de.",urban_development,Hinglish
befb7903-a3a4-4e30-8d91-822e85177fd6,Jamshedpur park mein jhule tute hue hain aur kachra hai. Kripya dhyan de.,urban_development,Hinglish
2900608c-fb87-4ed0-ab30-5597ed4f6afb,Fluoride contamination in Ramgarh groundwater is causing health issues. Kripya dhyan de.,water,English
6e5c81ff-a045-4007-a350-e90cd500d710,पहाड़ों पर Hazaribagh में अवैध खनन हो रहा है। Koi dhyan de.,environment,Hindi
daa5af79-3cb4-42f6-8112-336cac646c87,Bokaro ke hospital mein dawaiyan available nahi hain.,healthcare,Hinglish
47f400ac-3f42-4443-a24c-01d6a211d646,Self-help groups in Deoghar are not receiving government funding. Please help.,rural_livelihoods,English
1a47941b-8442-44ad-bf12-422258009cc8,Hazaribagh के सरकारी बाबू बिना घूस के कोई फाइल पास नहीं करते। Please help.,public_admin,Hindi
3a6de065-9fee-4ab7-9c34-5bb04ed99f16,Hazaribagh में राशन कार्ड में नाम जुड़वाने के लिए पैसे मांगे जा रहे हैं। Fix it asap.,public_admin,Hindi
2de21c8d-2e54-4f44-a6b9-8984073e0d6f,"Dhanbad में कोल्ड स्टोरेज की सुविधा नहीं চরম है, सब्जियां खराब हो रही हैं। Fix it asap.",agriculture,Hindi
a96fb550-cef8-403d-9f72-efd6223dfcd3,Need immediate dengue fogging in Giridih as cases are rising. Fix it asap.,healthcare,English
ea9c4587-242d-4d81-b59a-23b5a92b2243,Lack of computer labs in the Giridih high school is affecting students. Fix it asap.,education,English
94d1731f-5bc8-4019-9bd8-b8b2f8800376,Blind tactile paths are broken on Palamu footpaths. Fix it asap.,accessibility,English
cbcf63fb-24c2-4898-ac4d-3d9f07914412,गांव Dhanbad से लोग रोजगार की तलाश में पलायन कर रहे हैं।,rural_livelihoods,Hindi
2276b80a-95eb-4411-9c00-aa4d9af64578,Palamu block office mein caste certificate banane mein bahut time lag raha hai. Urgent issue.,public_admin,Hinglish
3205c315-7984-4f9b-8fba-c7803670c83c,Palamu की पानी की टंकी में गंदगी है और पानी बदबूदार आ रहा है। Kripya dhyan de.,water,Hindi
fc58e098-841d-4854-9531-483f5f2104ed,हमारे Hazaribagh के स्कूल में पीने का पानी नहीं है। Please help.,education,Hindi
dc671d2e-5938-4e15-ab87-a6dfc2820825,"Deoghar mein naya meter connection apply kiya tha, abhi tak nahi laga. Please help.",energy,Hinglish
364b4030-f3a6-429a-a1ec-99e09a422f63,Need proper waste segregation systems in Dhanbad. Urgent issue.,environment,English
ac8b599b-b506-48ed-b969-1acd810913a5,हमारे Hazaribagh के स्कूल में पीने का पानी नहीं है। Koi dhyan de.,education,Hindi
1eea04d7-fb9f-47cc-85de-adef1c623338,Street lights in Jamshedpur sector 4 are not working. Koi dhyan de.,energy,English
9f6d3f06-db06-4959-ae6c-1d4b8f56819c,Giridih ke gaon mein artisans ko unka saman bechne ka market nahi hai.,rural_livelihoods,Hinglish
2d0b0167-5f44-45c4-8253-806a226de66f,स्मार्ट सिटी प्रोजेक्ट के तहत Gumla में कोई काम नहीं हुआ। Please help.,urban_development,Hindi
530ac11a-46b1-4fd9-a825-58700ba70327,"Pipeline is leaking near the main road in Bokaro, wasting water. Kripya dhyan de.",water,English
d1d69c2b-7ae1-424f-aff6-35d161cff21f,Hazaribagh के सरकारी बाबू बिना घूस के कोई फाइल पास नहीं करते। Please help.,public_admin,Hindi
ba8dc9d3-31c3-4a14-ba76-5507ee190d18,स्मार्ट सिटी प्रोजेक्ट के तहत Deoghar में कोई काम नहीं हुआ। Urgent issue.,urban_development,Hindi
dfc0c2e1-2f70-48e5-8e48-3e7d24f4245a,Palamu hospital mein wheelchair available nahi hai. Koi dhyan de.,accessibility,Hinglish
ccb01f65-4fb9-4260-9258-c5399d9adb86,"Exam paper leak ho gaya hai Dhanbad mein, exams cancel hone chahiye. Please help.",education,Hinglish
b27c863f-3d21-4c53-a8fe-90457a27de8f,Illegal sand mining is destroying the riverbed in Ramgarh. Koi dhyan de.,environment,English
4b09cff4-e01c-4f73-b9b4-ca3ae89d756a,Street lights in Ranchi sector 4 are not working. Fix it asap.,energy,English
88ef4bf6-84b1-41ef-9f24-8e59964b772b,Construction of the Giridih flyover has been stalled for 2 years. Koi dhyan de.,urban_development,English
54f3d9d6-425e-454e-80ff-7dead1c8d28b,बच्चों को Jamshedpur में मिड-डे मील सही से नहीं मिल रहा है। Kripya dhyan de.,education,Hindi
3e918ae0-d436-469f-997f-389731d1ca9d,"Hazaribagh mein naya meter connection apply kiya tha, abhi tak nahi laga.",energy,Hinglish
5208f0dc-c54d-409f-9c6f-10332cb4a2ef,Factories in Bokaro are releasing toxic smoke at night. Kripya dhyan de.,environment,English
cccd2c60-a878-40f0-b5f9-8ca180346cdc,Frequent power cuts in Hazaribagh are affecting student studies. Kripya dhyan de.,energy,English
fa6c57af-7b1c-4dfb-9b63-e5a32c8f7e59,"Ramgarh mein naya meter connection apply kiya tha, abhi tak nahi laga. Kripya dhyan de.",energy,Hinglish
7a4bf517-705b-43c1-9c76-5c3462605fc0,गांव Giridih से लोग रोजगार की तलाश में पलायन कर रहे हैं।,rural_livelihoods,Hindi
52f48149-1867-4d0f-984a-228f54567a61,Bokaro mein forest produce ka sahi daam nahi mil raha adivasiyon ko. Koi dhyan de.,rural_livelihoods,Hinglish
4854df84-8d83-498a-b66f-4728b44734b8,Kisan credit card ka loan maaf nahi hua Ranchi mein. Please help.,agriculture,Hinglish
dac82d70-46c3-4392-a286-e43a09e988b3,स्मार्ट सिटी प्रोजेक्ट के तहत Hazaribagh में कोई काम नहीं हुआ। Urgent issue.,urban_development,Hindi
c5603ca1-1b12-422f-9d35-d3ede3ad7557,Construction of the Gumla flyover has been stalled for 2 years. Kripya dhyan de.,urban_development,English
028dd6d2-b1d3-46cb-b68f-7191c670ec1a,Ayushman card Hazaribagh ke private hospital mein accept nahi kar rahe.,healthcare,Hinglish
f6a0394b-5a94-4ec2-b2d3-bb78109fe0fe,"Giridih में कोल्ड स्टोरेज की सुविधा नहीं চরম है, सब्जियां खराब हो रही हैं। Please help.",agriculture,Hindi
c428bb96-077c-4557-8578-7360b69804ea,Minimum Support Price is not being offered at the Palamu mandi. Urgent issue.,agriculture,English
ee34045d-a4f3-49e9-83e6-91bdae5105e0,No drinking water supply in Dhanbad for the last 5 days.,water,English
4998995a-573d-41e0-bb29-93041bb59deb,Police verification ke liye Ranchi thane mein pareshan kiya ja raha hai.,public_admin,Hinglish
a9db8032-7e6e-4c22-a553-1ad344a0eab9,Water tanker Hazaribagh mein nahi aa raha hai. Urgent issue.,water,Hinglish
984c6bd5-b3b2-4542-9236-dd03b0b40859,"Palamu में बहुत ज्यादा पेड़ काटे जा रहे हैं, कोई रोक नहीं है।",environment,Hindi
a15108c0-2f3a-4770-b6f7-8bca9fbc892f,Gumla के सरकारी बाबू बिना घूस के कोई फाइल पास नहीं करते। Koi dhyan de.,public_admin,Hindi
ad284a2f-3d43-464e-aae1-42440eaf538d,Lack of computer labs in the Giridih high school is affecting students.,education,English
f6e7b2d9-f44a-41d9-8dbd-40b56616be00,"Ramgarh में मलेरिया तेजी से फैल रहा है, कोई रोकथाम नहीं है। Kripya dhyan de.",healthcare,Hindi
16b0d758-9033-4a1c-beef-04ce5fb8d925,Blind tactile paths are broken on Hazaribagh footpaths. Fix it asap.,accessibility,English
8e2d3646-240e-4367-bd19-91ba60d3db15,गांव Deoghar से लोग रोजगार की तलाश में पलायन कर रहे हैं। Kripya dhyan de.,rural_livelihoods,Hindi
5bfb041a-1f88-42d1-80c6-d2ed86db9a09,"विद्यालय का भवन बहुत जर्जर हालत में है Giridih में, कभी भी गिर सकता है। Kripya dhyan de.",education,Hindi
cdde911c-85c0-4de5-a5de-7803ee8c4169,हमारे Gumla के स्कूल में पीने का पानी नहीं है।,education,Hindi
32a1b66e-2444-4c2b-ace9-f0efc2786fca,Illegal sand mining is destroying the riverbed in Dhanbad. Koi dhyan de.,environment,English
687c269d-9639-48f7-ba3d-0d32c3fdc7bd,"Gumla के पास के जंगल में आग लग गई है, तुरंत बुझाएं। Koi dhyan de.",environment,Hindi
47862fe2-18ec-4b33-849e-172f019b5090,Covid vaccination center Deoghar mein band pada hai.,healthcare,Hinglish
b2daeaa9-aaa4-4b86-8293-6c76785bc128,Need better library facilities in our government college at Bokaro. Koi dhyan de.,education,English
7d267dcd-3b76-4ef7-a338-4add526d112f,हमारे गांव Dhanbad में अभी तक बिजली के खंभे नहीं लगे हैं।,energy,Hindi
8d141019-0a8f-4c27-8228-165d6c3abe1e,Illegal sand mining is destroying the riverbed in Ranchi. Please help.,environment,English
fad223e5-db19-4b0d-8444-82d50b4fb9ac,No ultrasound machine available in the Palamu district hospital. Koi dhyan de.,healthcare,English
1cfba44f-1961-4475-9ff0-ef3aee6d542b,High voltage ke karan Gumla mein logo ke TV jal gaye. Please help.,energy,Hinglish
901aa1a9-a9ba-4652-ad6a-edac6879feed,Factories in Hazaribagh are releasing toxic smoke at night. Please help.,environment,English
663bca07-0b61-4cac-a3bf-d39c9a65150a,No drinking water supply in Dhanbad for the last 5 days.,water,English
dbf43f2e-a3fa-4b96-9e3c-b4bd7aef671a,Ramgarh mein forest produce ka sahi daam nahi mil raha adivasiyon ko. Koi dhyan de.,rural_livelihoods,Hinglish
d8783066-f289-4d87-a7a2-4847307a5676,Bokaro में मुर्गी पालन के लिए सब्सिडी का पैसा नहीं आया। Please help.,rural_livelihoods,Hindi
620fde3a-2ce3-490d-8f84-826e27ff820a,Bokaro mein transformer jal gaya hai 3 din pehle. Urgent issue.,energy,Hinglish
c3652258-3b15-4c03-bba5-854e7ebb095c,Deoghar hospital mein wheelchair available nahi hai.,accessibility,Hinglish
e4001b85-9c0c-4a62-93a3-8706afa89ae0,Ranchi ke gaon mein artisans ko unka saman bechne ka market nahi hai. Kripya dhyan de.,rural_livelihoods,Hinglish
e4ea81f6-84dd-4c60-8d53-22f70b928465,Dhanbad ke government office mein disabled logo ke liye lift nahi hai.,accessibility,Hinglish
e64a7d12-fb58-4012-aeec-271172b2988d,Unseasonal rains have destroyed wheat crops in Dhanbad. Please help.,agriculture,English
8b47f532-ef23-446b-abcc-616d1c237f6c,Bokaro mein MNREGA ke tahat 100 din ka kaam nahi mil raha.,rural_livelihoods,Hinglish
39591db1-fb68-48ae-b396-3689c57f060f,Gumla में मूक-बधिर बच्चों के लिए विशेष स्कूल नहीं है। Urgent issue.,accessibility,Hindi
86c436d1-0a4b-467e-8015-b8bab89b5226,Self-help groups in Deoghar are not receiving government funding. Please help.,rural_livelihoods,English
ca88bd94-399d-48e7-9b3b-56f33c41dfab,Teacher vacancy bahut zyada hai Ramgarh district mein. Koi dhyan de.,education,Hinglish
e3507aac-0d82-48cb-b5cd-5e50acc2e72d,Construction of the Gumla flyover has been stalled for 2 years. Kripya dhyan de.,urban_development,English
ecf413f7-bbc8-4164-8819-9446560a6079,Lack of computer labs in the Palamu high school is affecting students. Kripya dhyan de.,education,English
0e5397b2-7ae6-4d45-88ed-a56f47d00958,The main road in Bokaro is full of potholes causing accidents. Koi dhyan de.,urban_development,English
84da0720-8c6a-41e9-9cbb-b4b1d111680d,Need audio signals at Jamshedpur traffic lights for visually impaired. Koi dhyan de.,accessibility,English
82243337-7eea-4404-adc5-1ce3408b6f92,Bokaro mein MNREGA ke tahat 100 din ka kaam nahi mil raha. Fix it asap.,rural_livelihoods,Hinglish
3e074da6-87f9-41c6-ad9b-7ad4d94877d6,Dhanbad panchayat mein MNREGA ka payment ruka hua hai. Fix it asap.,public_admin,Hinglish
be97d99b-f553-4535-8294-9d0f131b4321,Bokaro में राशन कार्ड में नाम जुड़वाने के लिए पैसे मांगे जा रहे हैं। Fix it asap.,public_admin,Hindi
e61a06a7-9deb-4a71-9e46-8575b252c647,No drinking water supply in Ramgarh for the last 5 days. Fix it asap.,water,English
89eaec5d-a5cc-44d1-b94c-1142d73fefc8,Lack of computer labs in the Hazaribagh high school is affecting students. Kripya dhyan de.,education,English
fd32f0ca-8074-45a9-93ba-84888f449f17,Construction of the Jamshedpur flyover has been stalled for 2 years. Kripya dhyan de.,urban_development,English
29b6ae81-365a-431f-822e-6546b48189d5,Self-help groups in Ramgarh are not receiving government funding. Kripya dhyan de.,rural_livelihoods,English
8545b70c-ac2f-4a0b-a0a6-21d34bf9251d,Women weavers in Gumla need micro-loans for purchasing looms. Please help.,rural_livelihoods,English
18b2b411-bf0d-45a9-876f-babafdc78e22,हमारे Jamshedpur के स्कूल में पीने का पानी नहीं है। Kripya dhyan de.,education,Hindi
f54e19d1-54e2-481a-a00c-af44b4eff445,Ranchi में कुटीर उद्योग लगाने के लिए कोई सरकारी सहायता नहीं मिल रही है।,rural_livelihoods,Hindi
a20f1e3c-919a-477e-af86-785d61a933a5,Deoghar mein parking ki suvidha nahi hone se traffic jam hota hai. Fix it asap.,urban_development,Hinglish
cccdc043-2f4d-45d6-8192-e1a6bd875b38,No ultrasound machine available in the Ramgarh district hospital.,healthcare,English
26b66ae3-f6c9-41e0-8cc6-e99bf38ef18d,Maternity ward in Ramgarh is in unhygienic conditions. Koi dhyan de.,healthcare,English
b38c4dc1-280e-417d-8f02-03258360e47b,Dhanbad ke hospital mein dawaiyan available nahi hain. Please help.,healthcare,Hinglish
089f30de-ea39-4479-be4a-8ee5a0836e85,High voltage ke karan Ranchi mein logo ke TV jal gaye. Urgent issue.,energy,Hinglish
ee51af3c-11e4-46af-ba2c-a3b5324c9b36,"Gumla में बहुत ज्यादा पेड़ काटे जा रहे हैं, कोई रोक नहीं है। Please help.",environment,Hindi
6fe7b5f7-bec0-410f-a3e5-b73f8e7c4b93,Gumla mein sound pollution limit se cross ho gaya hai. Urgent issue.,environment,Hinglish
10137367-df77-4875-8e35-43d0627bddc3,"Gumla mein drainage system block hai, sadak par pani bhara hai. Koi dhyan de.",urban_development,Hinglish
34ca9922-fcdf-4b1e-a1c2-c68725f214a9,Factories in Gumla are releasing toxic smoke at night. Please help.,environment,English
75e70fab-77cb-42eb-affd-95ff0c50f504,Ramgarh mein naya borewell khudwane ki jarurat hai. Urgent issue.,water,Hinglish
a0ec01b2-fd16-43be-9e08-3823b564c289,Maternity ward in Giridih is in unhygienic conditions. Please help.,healthcare,English
0b99451d-5d43-49c8-b2a6-5e850176e015,Blind tactile paths are broken on Giridih footpaths. Please help.,accessibility,English
0d2b31c5-9be4-4e8f-b940-53a844d5de3f,"Deoghar में सीवर लाइन का ढक्कन खुला है, खतरा है। Kripya dhyan de.",urban_development,Hindi
e714e7d0-92bc-4320-a1bc-af4fd0ad31f5,Dhanbad में मूक-बधिर बच्चों के लिए विशेष स्कूल नहीं है। Please help.,accessibility,Hindi
cdf636d9-17a7-411b-9bf0-e12a81905e33,Need modern dairy farming training programs in Deoghar. Kripya dhyan de.,rural_livelihoods,English
a1739dfb-8cbc-4f49-bb73-2fefa24e0c8d,High voltage ke karan Ranchi mein logo ke TV jal gaye. Fix it asap.,energy,Hinglish
1ab15495-8ff3-477d-ae7e-9e7bf9915b78,Jamshedpur block office mein caste certificate banane mein bahut time lag raha hai. Kripya dhyan de.,public_admin,Hinglish
6f9e6685-8f87-4826-924a-fafd6d61b580,Online portal for Palamu property tax is continuously crashing. Please help.,public_admin,English
8a086208-f7f2-4f90-ba7e-a292dc50ef7b,Grievance cell phone numbers for Ranchi municipality are always switched off. Fix it asap.,public_admin,English
209def63-0ca0-4901-b383-63af709d6698,The local pond in Giridih is completely dried up. Fix it asap.,water,English
1a56a027-efc9-4e9e-acc2-a8e17dd98317,Jamshedpur ke gaon mein artisans ko unka saman bechne ka market nahi hai. Fix it asap.,rural_livelihoods,Hinglish
5a32dccd-9bca-4b6c-b47d-4f15df88e4f6,Kisan credit card ka loan maaf nahi hua Gumla mein. Please help.,agriculture,Hinglish
8a086853-3e72-4ae6-a2a1-a1cc2b8b5872,Fasal bima yojana ka paisa Giridih ke kisano ko nahi mila. Kripya dhyan de.,agriculture,Hinglish
6ac5ee6f-74eb-4995-8352-4f6c0cce77b7,Giridih mein parking ki suvidha nahi hone se traffic jam hota hai. Kripya dhyan de.,urban_development,Hinglish
